Year,StateAbbr,StateDesc,CityName,GeographicLevel,DataSource,Category,UniqueID,Measure,Data_Value_Unit,DataValueTypeID,Data_Value_Type,Data_Value,Low_Confidence_Limit,High_Confidence_Limit,Data_Value_Footnote_Symbol,Data_Value_Footnote,PopulationCount,GeoLocation,CategoryID,MeasureId,CityFIPS,TractFIPS,Short_Question_Text
2014,TN,Tennessee,Memphis,Census Tract,BRFSS,Unhealthy Behaviors,4748000-47157003100,Obesity among adults aged >=18 Years,%,CrdPrv,Crude prevalence,22.5,21.5,23.3,,,"3,410","(35.1329459694, -89.979774372)",UNHBEH,OBESITY,4748000,47157003100,Obesity
2014,TN,Tennessee,Memphis,Census Tract,BRFSS,Unhealthy Behaviors,4748000-47157003200,Obesity among adults aged >=18 Years,%,CrdPrv,Crude prevalence,27.5,26.2,28.9,,,"3,856","(35.1370960067, -89.9969196111)",UNHBEH,OBESITY,4748000,47157003200,Obesity
2014,TN,Tennessee,Memphis,Census Tract,BRFSS,Unhealthy Behaviors,4748000-47157003300,Obesity among adults aged >=18 Years,%,CrdPrv,Crude prevalence,22.6,21.1,24.1,,,"2,141","(35.1281689116, -89.9987070779)",UNHBEH,OBESITY,4748000,47157003300,Obesity
2014,TN,Tennessee,Memphis,City,BRFSS,Unhealthy Behaviors,4748000,Obesity among adults aged >=18 Years,%,CrdPrv,Crude prevalence,29.3,29.2,29.4,,,"646,889","(35.1046295042, -89.978906085)",UNHBEH,OBESITY,4748000,,Obesity
2014,TN,Tennessee,Memphis,Census Tract,BRFSS,Unhealthy Behaviors,4748000-47157002400,Obesity among adults aged >=18 Years,%,CrdPrv,Crude prevalence,44.0,42.7,45.4,,,"1,839","(35.1511491143, -90.0266476494)",UNHBEH,OBESITY,4748000,47157002400,Obesity
2014,TN,Tennessee,Memphis,Census Tract,BRFSS,Unhealthy Behaviors,4748000-47157002500,Obesity among adults aged >=18 Years,%,CrdPrv,Crude prevalence,36.4,35.5,37.3,,,"2,877","(35.150699683, -90.0159941929)",UNHBEH,OBESITY,4748000,47157002500,Obesity
2014,TN,Tennessee,Memphis,Census Tract,BRFSS,Unhealthy Behaviors,4748000-47157002600,Obesity among adults aged >=18 Years,%,CrdPrv,Crude prevalence,23.5,22.0,25.0,,,"2,511","(35.1480882633, -90.0039733445)",UNHBEH,OBESITY,4748000,47157002600,Obesity
2014,TN,Tennessee,Memphis,Census Tract,BRFSS,Unhealthy Behaviors,4748000-47157002700,Obesity among adults aged >=18 Years,%,CrdPrv,Crude prevalence,36.3,35.0,37.6,,,"2,018","(35.1429422869, -89.9753586958)",UNHBEH,OBESITY,4748000,47157002700,Obesity
2014,TN,Tennessee,Memphis,Census Tract,BRFSS,Unhealthy Behaviors,4748000-47157002800,Obesity among adults aged >=18 Years,%,CrdPrv,Crude prevalence,41.2,39.5,42.7,,,"3,762","(35.1441769469, -89.9577818943)",UNHBEH,OBESITY,4748000,47157002800,Obesity
2014,TN,Tennessee,Memphis,Census Tract,BRFSS,Unhealthy Behaviors,4748000-47157002900,Obesity among adults aged >=18 Years,%,CrdPrv,Crude prevalence,22.2,21.1,23.1,,,"4,637","(35.1370995779, -89.9359356299)",UNHBEH,OBESITY,4748000,47157002900,Obesity
2014,TN,Tennessee,Memphis,Census Tract,BRFSS,Unhealthy Behaviors,4748000-47157003000,Obesity among adults aged >=18 Years,%,CrdPrv,Crude prevalence,30.8,29.7,32.0,,,"2,938","(35.1354661855, -89.9540526144)",UNHBEH,OBESITY,4748000,47157003000,Obesity
2014,TN,Tennessee,Memphis,City,BRFSS,Unhealthy Behaviors,4748000,Obesity among adults aged >=18 Years,%,AgeAdjPrv,Age-adjusted prevalence,36.3,36.2,36.5,,,"646,889","(35.1046295042, -89.978906085)",UNHBEH,OBESITY,4748000,,Obesity
2014,TN,Tennessee,Memphis,Census Tract,BRFSS,Unhealthy Behaviors,4748000-47157000100,Obesity among adults aged >=18 Years,%,CrdPrv,Crude prevalence,20.2,19.2,21.5,,,"5,394","(35.1731784988, -90.0515798019)",UNHBEH,OBESITY,4748000,47157000100,Obesity
2014,TN,Tennessee,Memphis,Census Tract,BRFSS,Unhealthy Behaviors,4748000-47157000200,Obesity among adults aged >=18 Years,%,CrdPrv,Crude prevalence,45.2,43.7,46.6,,,"1,033","(35.1682575302, -90.0429048978)",UNHBEH,OBESITY,4748000,47157000200,Obesity
2014,TN,Tennessee,Memphis,Census Tract,BRFSS,Unhealthy Behaviors,4748000-47157000300,Obesity among adults aged >=18 Years,%,CrdPrv,Crude prevalence,48.4,46.8,49.9,,,"1,060","(35.1781294208, -90.0296002982)",UNHBEH,OBESITY,4748000,47157000300,Obesity
2014,TN,Tennessee,Memphis,Census Tract,BRFSS,Unhealthy Behaviors,4748000-47157000400,Obesity among adults aged >=18 Years,%,CrdPrv,Crude prevalence,48.6,47.2,49.9,,,"1,727","(35.1781974735, -90.0163510102)",UNHBEH,OBESITY,4748000,47157000400,Obesity
2014,TN,Tennessee,Memphis,Census Tract,BRFSS,Unhealthy Behaviors,4748000-47157000600,Obesity among adults aged >=18 Years,%,CrdPrv,Crude prevalence,47.1,45.5,48.6,,,"2,152","(35.1813344343, -89.9931859463)",UNHBEH,OBESITY,4748000,47157000600,Obesity
2014,TN,Tennessee,Memphis,Census Tract,BRFSS,Unhealthy Behaviors,4748000-47157000700,Obesity among adults aged >=18 Years,%,CrdPrv,Crude prevalence,42.5,41.3,43.7,,,"4,861","(35.167318937, -89.9957716398)",UNHBEH,OBESITY,4748000,47157000700,Obesity
2014,TN,Tennessee,Memphis,Census Tract,BRFSS,Unhealthy Behaviors,4748000-47157000800,Obesity among adults aged >=18 Years,%,CrdPrv,Crude prevalence,47.8,46.0,49.2,,,"2,684","(35.1781691415, -89.9729093219)",UNHBEH,OBESITY,4748000,47157000800,Obesity
2014,TN,Tennessee,Memphis,Census Tract,BRFSS,Unhealthy Behaviors,4748000-47157000900,Obesity among adults aged >=18 Years,%,CrdPrv,Crude prevalence,47.3,45.7,48.7,,,"2,884","(35.1648970343, -89.9752407859)",UNHBEH,OBESITY,4748000,47157000900,Obesity
2014,TN,Tennessee,Memphis,Census Tract,BRFSS,Unhealthy Behaviors,4748000-47157001100,Obesity among adults aged >=18 Years,%,CrdPrv,Crude prevalence,39.5,38.6,40.5,,,"3,666","(35.1674039934, -89.941100819)",UNHBEH,OBESITY,4748000,47157001100,Obesity
2014,TN,Tennessee,Memphis,Census Tract,BRFSS,Unhealthy Behaviors,4748000-47157001200,Obesity among adults aged >=18 Years,%,CrdPrv,Crude prevalence,33.1,32.1,34.0,,,"3,733","(35.155726388, -89.9357488258)",UNHBEH,OBESITY,4748000,47157001200,Obesity
2014,TN,Tennessee,Memphis,Census Tract,BRFSS,Unhealthy Behaviors,4748000-47157001300,Obesity among adults aged >=18 Years,%,CrdPrv,Crude prevalence,44.3,43.4,45.1,,,"3,817","(35.1564324942, -89.950513944)",UNHBEH,OBESITY,4748000,47157001300,Obesity
2014,TN,Tennessee,Memphis,Census Tract,BRFSS,Unhealthy Behaviors,4748000-47157001400,Obesity among adults aged >=18 Years,%,CrdPrv,Crude prevalence,42.7,41.3,44.0,,,"1,648","(35.1546953557, -89.9616023803)",UNHBEH,OBESITY,4748000,47157001400,Obesity
2014,TN,Tennessee,Memphis,Census Tract,BRFSS,Unhealthy Behaviors,4748000-47157001500,Obesity among adults aged >=18 Years,%,CrdPrv,Crude prevalence,43.2,41.5,44.8,,,"1,745","(35.1529878945, -89.9740999194)",UNHBEH,OBESITY,4748000,47157001500,Obesity
2014,TN,Tennessee,Memphis,Census Tract,BRFSS,Unhealthy Behaviors,4748000-47157001600,Obesity among adults aged >=18 Years,%,CrdPrv,Crude prevalence,20.1,18.9,21.2,,,"3,158","(35.1513601405, -89.989834221)",UNHBEH,OBESITY,4748000,47157001600,Obesity
2014,TN,Tennessee,Memphis,Census Tract,BRFSS,Unhealthy Behaviors,4748000-47157001700,Obesity among adults aged >=18 Years,%,CrdPrv,Crude prevalence,32.5,31.2,33.8,,,"3,848","(35.1586332037, -90.0042687852)",UNHBEH,OBESITY,4748000,47157001700,Obesity
2014,TN,Tennessee,Memphis,Census Tract,BRFSS,Unhealthy Behaviors,4748000-47157001900,Obesity among adults aged >=18 Years,%,CrdPrv,Crude prevalence,48.1,46.7,49.5,,,"1,601","(35.1633019396, -90.0233116647)",UNHBEH,OBESITY,4748000,47157001900,Obesity
2014,TN,Tennessee,Memphis,Census Tract,BRFSS,Unhealthy Behaviors,4748000-47157002000,Obesity among adults aged >=18 Years,%,CrdPrv,Crude prevalence,43.8,42.0,45.6,,,"1,969","(35.1609440412, -90.0330231229)",UNHBEH,OBESITY,4748000,47157002000,Obesity
2014,TN,Tennessee,Memphis,Census Tract,BRFSS,Unhealthy Behaviors,4748000-47157002100,Obesity among adults aged >=18 Years,%,CrdPrv,Crude prevalence,44.0,42.6,45.4,,,"1,192","(35.1599351261, -90.0445192822)",UNHBEH,OBESITY,4748000,47157002100,Obesity
2014,TN,Tennessee,Memphis,Census Tract,BRFSS,Unhealthy Behaviors,4748000-47157003400,Obesity among adults aged >=18 Years,%,CrdPrv,Crude prevalence,29.2,27.8,30.9,,,"2,099","(35.1375845268, -90.0077830334)",UNHBEH,OBESITY,4748000,47157003400,Obesity
2014,TN,Tennessee,Memphis,Census Tract,BRFSS,Unhealthy Behaviors,4748000-47157003500,Obesity among adults aged >=18 Years,%,CrdPrv,Crude prevalence,25.5,24.2,27.0,,,"2,996","(35.1279253708, -90.0135953257)",UNHBEH,OBESITY,4748000,47157003500,Obesity
2014,TN,Tennessee,Memphis,Census Tract,BRFSS,Unhealthy Behaviors,4748000-47157003600,Obesity among adults aged >=18 Years,%,CrdPrv,Crude prevalence,37.5,36.0,38.9,,,"2,039","(35.1388721589, -90.0171874264)",UNHBEH,OBESITY,4748000,47157003600,Obesity
2014,TN,Tennessee,Memphis,Census Tract,BRFSS,Unhealthy Behaviors,4748000-47157003700,Obesity among adults aged >=18 Years,%,CrdPrv,Crude prevalence,39.1,37.6,40.5,,,"1,345","(35.1355345124, -90.0278933981)",UNHBEH,OBESITY,4748000,47157003700,Obesity
2014,TN,Tennessee,Memphis,Census Tract,BRFSS,Unhealthy Behaviors,4748000-47157003800,Obesity among adults aged >=18 Years,%,CrdPrv,Crude prevalence,34.5,33.2,35.8,,,"1,048","(35.1416185547, -90.0282660493)",UNHBEH,OBESITY,4748000,47157003800,Obesity
2014,TN,Tennessee,Memphis,Census Tract,BRFSS,Unhealthy Behaviors,4748000-47157003900,Obesity among adults aged >=18 Years,%,CrdPrv,Crude prevalence,47.6,45.8,49.3,,,"1,184","(35.144273538, -90.0385689276)",UNHBEH,OBESITY,4748000,47157003900,Obesity
2014,TN,Tennessee,Memphis,Census Tract,BRFSS,Unhealthy Behaviors,4748000-47157004200,Obesity among adults aged >=18 Years,%,CrdPrv,Crude prevalence,25.8,24.4,27.2,,,"2,348","(35.1442847811, -90.0582100389)",UNHBEH,OBESITY,4748000,47157004200,Obesity
2014,TN,Tennessee,Memphis,Census Tract,BRFSS,Unhealthy Behaviors,4748000-47157004300,Obesity among adults aged >=18 Years,%,CrdPrv,Crude prevalence,23.1,22.0,24.2,,,"1,353","(35.1298657676, -90.0647633371)",UNHBEH,OBESITY,4748000,47157004300,Obesity
2014,TN,Tennessee,Memphis,Census Tract,BRFSS,Unhealthy Behaviors,4748000-47157004500,Obesity among adults aged >=18 Years,%,CrdPrv,Crude prevalence,47.2,45.2,49.1,,,956,"(35.1285876076, -90.0394477489)",UNHBEH,OBESITY,4748000,47157004500,Obesity
2014,TN,Tennessee,Memphis,Census Tract,BRFSS,Unhealthy Behaviors,4748000-47157004600,Obesity among adults aged >=18 Years,%,CrdPrv,Crude prevalence,42.5,41.3,43.7,,,"1,498","(35.1286241883, -90.0280485172)",UNHBEH,OBESITY,4748000,47157004600,Obesity
2014,TN,Tennessee,Memphis,Census Tract,BRFSS,Unhealthy Behaviors,4748000-47157005000,Obesity among adults aged >=18 Years,%,CrdPrv,Crude prevalence,48.6,47.2,49.8,,,"1,074","(35.1214284589, -90.0510709047)",UNHBEH,OBESITY,4748000,47157005000,Obesity
2014,TN,Tennessee,Memphis,Census Tract,BRFSS,Unhealthy Behaviors,4748000-47157005300,Obesity among adults aged >=18 Years,%,CrdPrv,Crude prevalence,45.8,44.1,47.3,,,"3,945","(35.0921244788, -90.0753305935)",UNHBEH,OBESITY,4748000,47157005300,Obesity
2014,TN,Tennessee,Memphis,Census Tract,BRFSS,Unhealthy Behaviors,4748000-47157005500,Obesity among adults aged >=18 Years,%,CrdPrv,Crude prevalence,46.7,45.4,47.8,,,"2,731","(35.0939264046, -90.0593626816)",UNHBEH,OBESITY,4748000,47157005500,Obesity
2014,TN,Tennessee,Memphis,Census Tract,BRFSS,Unhealthy Behaviors,4748000-47157005600,Obesity among adults aged >=18 Years,%,CrdPrv,Crude prevalence,43.0,41.3,44.7,,,"3,802","(35.0890361265, -90.0447067021)",UNHBEH,OBESITY,4748000,47157005600,Obesity
2014,TN,Tennessee,Memphis,Census Tract,BRFSS,Unhealthy Behaviors,4748000-47157005700,Obesity among adults aged >=18 Years,%,CrdPrv,Crude prevalence,43.9,42.4,45.3,,,"2,633","(35.1042254381, -90.0410602235)",UNHBEH,OBESITY,4748000,47157005700,Obesity
2014,TN,Tennessee,Memphis,Census Tract,BRFSS,Unhealthy Behaviors,4748000-47157005800,Obesity among adults aged >=18 Years,%,CrdPrv,Crude prevalence,47.5,46.0,48.8,,,"1,235","(35.1117123924, -90.0511300652)",UNHBEH,OBESITY,4748000,47157005800,Obesity
2014,TN,Tennessee,Memphis,Census Tract,BRFSS,Unhealthy Behaviors,4748000-47157005900,Obesity among adults aged >=18 Years,%,CrdPrv,Crude prevalence,45.1,43.5,46.6,,,"2,730","(35.1114619658, -90.0387182572)",UNHBEH,OBESITY,4748000,47157005900,Obesity
2014,TN,Tennessee,Memphis,Census Tract,BRFSS,Unhealthy Behaviors,4748000-47157006000,Obesity among adults aged >=18 Years,%,CrdPrv,Crude prevalence,44.6,43.0,46.3,,,"2,030","(35.1045792297, -90.0188335966)",UNHBEH,OBESITY,4748000,47157006000,Obesity
2014,TN,Tennessee,Memphis,Census Tract,BRFSS,Unhealthy Behaviors,4748000-47157006200,Obesity among adults aged >=18 Years,%,CrdPrv,Crude prevalence,43.3,42.1,44.3,,,"2,242","(35.1174681637, -90.0110800767)",UNHBEH,OBESITY,4748000,47157006200,Obesity
2014,TN,Tennessee,Memphis,Census Tract,BRFSS,Unhealthy Behaviors,4748000-47157006300,Obesity among adults aged >=18 Years,%,CrdPrv,Crude prevalence,27.9,26.8,29.0,,,"2,405","(35.1204593496, -89.9976472225)",UNHBEH,OBESITY,4748000,47157006300,Obesity
2014,TN,Tennessee,Memphis,Census Tract,BRFSS,Unhealthy Behaviors,4748000-47157006400,Obesity among adults aged >=18 Years,%,CrdPrv,Crude prevalence,40.8,39.0,42.7,,,"1,585","(35.1125835227, -89.9984242923)",UNHBEH,OBESITY,4748000,47157006400,Obesity
2014,TN,Tennessee,Memphis,Census Tract,BRFSS,Unhealthy Behaviors,4748000-47157006500,Obesity among adults aged >=18 Years,%,CrdPrv,Crude prevalence,42.6,40.9,44.0,,,"2,747","(35.1043221535, -89.9974863664)",UNHBEH,OBESITY,4748000,47157006500,Obesity
2014,TN,Tennessee,Memphis,Census Tract,BRFSS,Unhealthy Behaviors,4748000-47157006600,Obesity among adults aged >=18 Years,%,CrdPrv,Crude prevalence,30.5,29.4,31.7,,,"2,286","(35.1198595159, -89.9845836583)",UNHBEH,OBESITY,4748000,47157006600,Obesity
2014,TN,Tennessee,Memphis,Census Tract,BRFSS,Unhealthy Behaviors,4748000-47157006700,Obesity among adults aged >=18 Years,%,CrdPrv,Crude prevalence,48.0,46.8,49.1,,,"3,559","(35.1133985511, -89.9753653702)",UNHBEH,OBESITY,4748000,47157006700,Obesity
2014,TN,Tennessee,Memphis,Census Tract,BRFSS,Unhealthy Behaviors,4748000-47157006800,Obesity among adults aged >=18 Years,%,CrdPrv,Crude prevalence,49.4,47.8,50.9,,,"2,538","(35.1041339015, -89.9766825927)",UNHBEH,OBESITY,4748000,47157006800,Obesity
2014,TN,Tennessee,Memphis,Census Tract,BRFSS,Unhealthy Behaviors,4748000-47157006900,Obesity among adults aged >=18 Years,%,CrdPrv,Crude prevalence,46.1,44.5,47.6,,,"3,011","(35.0955278003, -89.9797815127)",UNHBEH,OBESITY,4748000,47157006900,Obesity
2014,TN,Tennessee,Memphis,Census Tract,BRFSS,Unhealthy Behaviors,4748000-47157007000,Obesity among adults aged >=18 Years,%,CrdPrv,Crude prevalence,39.0,37.6,40.3,,,"3,324","(35.1116817488, -89.9561215566)",UNHBEH,OBESITY,4748000,47157007000,Obesity
2014,TN,Tennessee,Memphis,Census Tract,BRFSS,Unhealthy Behaviors,4748000-47157007100,Obesity among adults aged >=18 Years,%,CrdPrv,Crude prevalence,27.6,26.2,29.0,,,"2,549","(35.1242946184, -89.9655983986)",UNHBEH,OBESITY,4748000,47157007100,Obesity
2014,TN,Tennessee,Memphis,Census Tract,BRFSS,Unhealthy Behaviors,4748000-47157007200,Obesity among adults aged >=18 Years,%,CrdPrv,Crude prevalence,21.3,20.0,22.8,,,"2,322","(35.1220908833, -89.9534780972)",UNHBEH,OBESITY,4748000,47157007200,Obesity
2014,TN,Tennessee,Memphis,Census Tract,BRFSS,Unhealthy Behaviors,4748000-47157007300,Obesity among adults aged >=18 Years,%,CrdPrv,Crude prevalence,25.3,23.9,26.6,,,"4,127","(35.1209840406, -89.9363799177)",UNHBEH,OBESITY,4748000,47157007300,Obesity
2014,TN,Tennessee,Memphis,Census Tract,BRFSS,Unhealthy Behaviors,4748000-47157007400,Obesity among adults aged >=18 Years,%,CrdPrv,Crude prevalence,24.2,22.6,25.8,,,"3,094","(35.1118643832, -89.9358941228)",UNHBEH,OBESITY,4748000,47157007400,Obesity
2014,TN,Tennessee,Memphis,Census Tract,BRFSS,Unhealthy Behaviors,4748000-47157007500,Obesity among adults aged >=18 Years,%,CrdPrv,Crude prevalence,43.4,41.7,45.1,,,"1,581","(35.0927786924, -90.0318124084)",UNHBEH,OBESITY,4748000,47157007500,Obesity
2014,TN,Tennessee,Memphis,Census Tract,BRFSS,Unhealthy Behaviors,4748000-47157007810,Obesity among adults aged >=18 Years,%,CrdPrv,Crude prevalence,42.8,41.6,44.1,,,"2,802","(35.0920939474, -90.0048579438)",UNHBEH,OBESITY,4748000,47157007810,Obesity
2014,TN,Tennessee,Memphis,Census Tract,BRFSS,Unhealthy Behaviors,4748000-47157007821,Obesity among adults aged >=18 Years,%,CrdPrv,Crude prevalence,44.6,43.2,45.8,,,"5,903","(35.0798934018, -90.0072324335)",UNHBEH,OBESITY,4748000,47157007821,Obesity
2014,TN,Tennessee,Memphis,Census Tract,BRFSS,Unhealthy Behaviors,4748000-47157007822,Obesity among adults aged >=18 Years,%,CrdPrv,Crude prevalence,44.1,42.6,45.5,,,"1,681","(35.0793525972, -90.0273275459)",UNHBEH,OBESITY,4748000,47157007822,Obesity
2014,TN,Tennessee,Memphis,Census Tract,BRFSS,Unhealthy Behaviors,4748000-47157007900,Obesity among adults aged >=18 Years,%,CrdPrv,Crude prevalence,44.8,43.7,45.9,,,"5,528","(35.1013344538, -89.9594977525)",UNHBEH,OBESITY,4748000,47157007900,Obesity
2014,TN,Tennessee,Memphis,Census Tract,BRFSS,Unhealthy Behaviors,4748000-47157008000,Obesity among adults aged >=18 Years,%,CrdPrv,Crude prevalence,37.3,35.8,38.6,,,"5,174","(35.1004579845, -89.9399787328)",UNHBEH,OBESITY,4748000,47157008000,Obesity
2014,TN,Tennessee,Memphis,Census Tract,BRFSS,Unhealthy Behaviors,4748000-47157008110,Obesity among adults aged >=18 Years,%,CrdPrv,Crude prevalence,44.2,42.6,45.6,,,"2,725","(35.0838874997, -89.979099925)",UNHBEH,OBESITY,4748000,47157008110,Obesity
2014,TN,Tennessee,Memphis,Census Tract,BRFSS,Unhealthy Behaviors,4748000-47157008120,Obesity among adults aged >=18 Years,%,CrdPrv,Crude prevalence,44.7,43.6,45.8,,,"4,393","(35.0869484061, -89.9617240752)",UNHBEH,OBESITY,4748000,47157008120,Obesity
2014,TN,Tennessee,Memphis,Census Tract,BRFSS,Unhealthy Behaviors,4748000-47157008200,Obesity among adults aged >=18 Years,%,CrdPrv,Crude prevalence,44.7,43.3,45.9,,,"4,840","(35.0867857888, -89.9413473048)",UNHBEH,OBESITY,4748000,47157008200,Obesity
2014,TN,Tennessee,Memphis,Census Tract,BRFSS,Unhealthy Behaviors,4748000-47157008500,Obesity among adults aged >=18 Years,%,CrdPrv,Crude prevalence,20.4,19.2,21.8,,,"4,116","(35.1201915269, -89.9119209543)",UNHBEH,OBESITY,4748000,47157008500,Obesity
2014,TN,Tennessee,Memphis,Census Tract,BRFSS,Unhealthy Behaviors,4748000-47157008600,Obesity among adults aged >=18 Years,%,CrdPrv,Crude prevalence,24.1,23.1,25.1,,,"5,886","(35.140020949, -89.91323747)",UNHBEH,OBESITY,4748000,47157008600,Obesity
2014,TN,Tennessee,Memphis,Census Tract,BRFSS,Unhealthy Behaviors,4748000-47157008700,Obesity among adults aged >=18 Years,%,CrdPrv,Crude prevalence,29.6,28.3,30.8,,,"4,768","(35.1554411054, -89.9167543506)",UNHBEH,OBESITY,4748000,47157008700,Obesity
2014,TN,Tennessee,Memphis,Census Tract,BRFSS,Unhealthy Behaviors,4748000-47157008800,Obesity among adults aged >=18 Years,%,CrdPrv,Crude prevalence,36.1,35.4,36.8,,,"6,854","(35.1713217399, -89.9252083423)",UNHBEH,OBESITY,4748000,47157008800,Obesity
2014,TN,Tennessee,Memphis,Census Tract,BRFSS,Unhealthy Behaviors,4748000-47157008900,Obesity among adults aged >=18 Years,%,CrdPrv,Crude prevalence,38.7,38.0,39.3,,,"4,078","(35.1874351157, -89.9304592377)",UNHBEH,OBESITY,4748000,47157008900,Obesity
2014,TN,Tennessee,Memphis,Census Tract,BRFSS,Unhealthy Behaviors,4748000-47157009100,Obesity among adults aged >=18 Years,%,CrdPrv,Crude prevalence,33.6,32.8,34.2,,,"2,567","(35.1726556405, -89.9098390627)",UNHBEH,OBESITY,4748000,47157009100,Obesity
2014,TN,Tennessee,Memphis,Census Tract,BRFSS,Unhealthy Behaviors,4748000-47157009200,Obesity among adults aged >=18 Years,%,CrdPrv,Crude prevalence,21.4,20.5,22.4,,,"7,200","(35.1404563125, -89.8815533169)",UNHBEH,OBESITY,4748000,47157009200,Obesity
2014,TN,Tennessee,Memphis,Census Tract,BRFSS,Unhealthy Behaviors,4748000-47157009300,Obesity among adults aged >=18 Years,%,CrdPrv,Crude prevalence,27.7,26.3,29.1,,,"4,495","(35.0982634565, -89.9091048206)",UNHBEH,OBESITY,4748000,47157009300,Obesity
2014,TN,Tennessee,Memphis,Census Tract,BRFSS,Unhealthy Behaviors,4748000-47157009400,Obesity among adults aged >=18 Years,%,CrdPrv,Crude prevalence,24.9,23.4,26.3,,,"3,128","(35.0992335986, -89.8994262897)",UNHBEH,OBESITY,4748000,47157009400,Obesity
2014,TN,Tennessee,Memphis,Census Tract,BRFSS,Unhealthy Behaviors,4748000-47157009500,Obesity among adults aged >=18 Years,%,CrdPrv,Crude prevalence,22.0,20.9,23.0,,,"6,346","(35.0954974193, -89.8848429446)",UNHBEH,OBESITY,4748000,47157009500,Obesity
2014,TN,Tennessee,Memphis,Census Tract,BRFSS,Unhealthy Behaviors,4748000-47157009600,Obesity among adults aged >=18 Years,%,CrdPrv,Crude prevalence,20.9,19.9,22.0,,,"4,830","(35.1180940789, -89.8810597107)",UNHBEH,OBESITY,4748000,47157009600,Obesity
2014,TN,Tennessee,Memphis,Census Tract,BRFSS,Unhealthy Behaviors,4748000-47157009700,Obesity among adults aged >=18 Years,%,CrdPrv,Crude prevalence,34.7,33.8,35.5,,,"2,908","(35.0821732775, -89.9098824275)",UNHBEH,OBESITY,4748000,47157009700,Obesity
2014,TN,Tennessee,Memphis,Census Tract,BRFSS,Unhealthy Behaviors,4748000-47157009800,Obesity among adults aged >=18 Years,%,CrdPrv,Crude prevalence,31.3,30.1,32.3,,,"3,110","(35.158879497, -89.8968833402)",UNHBEH,OBESITY,4748000,47157009800,Obesity
2014,TN,Tennessee,Memphis,Census Tract,BRFSS,Unhealthy Behaviors,4748000-47157009901,Obesity among adults aged >=18 Years,%,CrdPrv,Crude prevalence,41.3,40.3,42.3,,,"3,297","(35.2161816308, -90.0391139667)",UNHBEH,OBESITY,4748000,47157009901,Obesity
2014,TN,Tennessee,Memphis,Census Tract,BRFSS,Unhealthy Behaviors,4748000-47157009902,Obesity among adults aged >=18 Years,%,CrdPrv,Crude prevalence,44.9,43.5,46.2,,,"2,851","(35.2041141278, -90.0395284402)",UNHBEH,OBESITY,4748000,47157009902,Obesity
2014,TN,Tennessee,Memphis,Census Tract,BRFSS,Unhealthy Behaviors,4748000-47157010000,Obesity among adults aged >=18 Years,%,CrdPrv,Crude prevalence,42.7,41.2,44.1,,,"7,653","(35.2352389409, -89.9939030223)",UNHBEH,OBESITY,4748000,47157010000,Obesity
2014,TN,Tennessee,Memphis,Census Tract,BRFSS,Unhealthy Behaviors,4748000-47157010110,Obesity among adults aged >=18 Years,%,CrdPrv,Crude prevalence,46.0,44.4,47.4,,,"7,191","(35.2172696672, -90.0103725167)",UNHBEH,OBESITY,4748000,47157010110,Obesity
2014,TN,Tennessee,Memphis,Census Tract,BRFSS,Unhealthy Behaviors,4748000-47157010120,Obesity among adults aged >=18 Years,%,CrdPrv,Crude prevalence,41.1,39.5,42.5,,,"5,399","(35.2005241897, -90.0158277606)",UNHBEH,OBESITY,4748000,47157010120,Obesity
2014,TN,Tennessee,Memphis,Census Tract,BRFSS,Unhealthy Behaviors,4748000-47157010210,Obesity among adults aged >=18 Years,%,CrdPrv,Crude prevalence,44.0,42.3,45.5,,,"5,706","(35.2257022414, -89.9778893991)",UNHBEH,OBESITY,4748000,47157010210,Obesity
2014,TN,Tennessee,Memphis,Census Tract,BRFSS,Unhealthy Behaviors,4748000-47157010220,Obesity among adults aged >=18 Years,%,CrdPrv,Crude prevalence,40.5,38.9,41.9,,,"6,810","(35.2022322127, -89.9820262915)",UNHBEH,OBESITY,4748000,47157010220,Obesity
2014,TN,Tennessee,Memphis,Census Tract,BRFSS,Unhealthy Behaviors,4748000-47157010300,Obesity among adults aged >=18 Years,%,CrdPrv,Crude prevalence,43.9,42.0,45.5,,,"1,478","(35.2487179321, -89.9827911927)",UNHBEH,OBESITY,4748000,47157010300,Obesity
2014,TN,Tennessee,Memphis,Census Tract,BRFSS,Unhealthy Behaviors,4748000-47157010500,Obesity among adults aged >=18 Years,%,CrdPrv,Crude prevalence,42.3,41.0,43.5,,,"2,413","(35.0641936611, -89.9415203708)",UNHBEH,OBESITY,4748000,47157010500,Obesity
2014,TN,Tennessee,Memphis,Census Tract,BRFSS,Unhealthy Behaviors,4748000-47157010610,Obesity among adults aged >=18 Years,%,CrdPrv,Crude prevalence,40.6,39.3,41.7,,,"7,051","(35.070949999, -89.9186649794)",UNHBEH,OBESITY,4748000,47157010610,Obesity
2014,TN,Tennessee,Memphis,Census Tract,BRFSS,Unhealthy Behaviors,4748000-47157010620,Obesity among adults aged >=18 Years,%,CrdPrv,Crude prevalence,42.4,40.6,44.0,,,"4,026","(35.0579883428, -89.9272044875)",UNHBEH,OBESITY,4748000,47157010620,Obesity
2014,TN,Tennessee,Memphis,Census Tract,BRFSS,Unhealthy Behaviors,4748000-47157010630,Obesity among adults aged >=18 Years,%,CrdPrv,Crude prevalence,41.5,40.3,42.6,,,"4,452","(35.0573263176, -89.914540948)",UNHBEH,OBESITY,4748000,47157010630,Obesity
2014,TN,Tennessee,Memphis,Census Tract,BRFSS,Unhealthy Behaviors,4748000-47157010710,Obesity among adults aged >=18 Years,%,CrdPrv,Crude prevalence,36.5,35.0,37.7,,,"4,831","(35.071774825, -89.8954538734)",UNHBEH,OBESITY,4748000,47157010710,Obesity
2014,TN,Tennessee,Memphis,Census Tract,BRFSS,Unhealthy Behaviors,4748000-47157010720,Obesity among adults aged >=18 Years,%,CrdPrv,Crude prevalence,41.2,39.5,42.6,,,"3,206","(35.0685599814, -89.8807294003)",UNHBEH,OBESITY,4748000,47157010720,Obesity
2014,TN,Tennessee,Memphis,Census Tract,BRFSS,Unhealthy Behaviors,4748000-47157010810,Obesity among adults aged >=18 Years,%,CrdPrv,Crude prevalence,40.2,38.9,41.4,,,"5,865","(35.056380699, -89.8963876902)",UNHBEH,OBESITY,4748000,47157010810,Obesity
2014,TN,Tennessee,Memphis,Census Tract,BRFSS,Unhealthy Behaviors,4748000-47157010820,Obesity among adults aged >=18 Years,%,CrdPrv,Crude prevalence,36.9,35.2,38.4,,,"4,146","(35.0556215414, -89.8758534856)",UNHBEH,OBESITY,4748000,47157010820,Obesity
2014,TN,Tennessee,Memphis,Census Tract,BRFSS,Unhealthy Behaviors,4748000-47157011010,Obesity among adults aged >=18 Years,%,CrdPrv,Crude prevalence,39.4,38.1,40.5,,,"4,116","(35.0368217543, -89.9594299087)",UNHBEH,OBESITY,4748000,47157011010,Obesity
2014,TN,Tennessee,Memphis,Census Tract,BRFSS,Unhealthy Behaviors,4748000-47157011020,Obesity among adults aged >=18 Years,%,CrdPrv,Crude prevalence,41.6,39.9,42.9,,,"1,615","(35.0403975855, -89.9453385844)",UNHBEH,OBESITY,4748000,47157011020,Obesity
2014,TN,Tennessee,Memphis,Census Tract,BRFSS,Unhealthy Behaviors,4748000-47157011100,Obesity among adults aged >=18 Years,%,CrdPrv,Crude prevalence,45.6,44.1,47.0,,,"1,892","(35.1731522309, -89.9566873032)",UNHBEH,OBESITY,4748000,47157011100,Obesity
2014,TN,Tennessee,Memphis,Census Tract,BRFSS,Unhealthy Behaviors,4748000-47157011200,Obesity among adults aged >=18 Years,%,CrdPrv,Crude prevalence,49.2,47.6,50.6,,,"1,720","(35.1653247299, -90.01466327)",UNHBEH,OBESITY,4748000,47157011200,Obesity
2014,TN,Tennessee,Memphis,Census Tract,BRFSS,Unhealthy Behaviors,4748000-47157011300,Obesity among adults aged >=18 Years,%,CrdPrv,Crude prevalence,41.0,38.9,42.9,,,"1,850","(35.1523622551, -90.0417378425)",UNHBEH,OBESITY,4748000,47157011300,Obesity
2014,TN,Tennessee,Memphis,Census Tract,BRFSS,Unhealthy Behaviors,4748000-47157011400,Obesity among adults aged >=18 Years,%,CrdPrv,Crude prevalence,45.2,43.3,46.9,,,"5,954","(35.136540808, -90.0455635784)",UNHBEH,OBESITY,4748000,47157011400,Obesity
2014,TN,Tennessee,Memphis,Census Tract,BRFSS,Unhealthy Behaviors,4748000-47157011500,Obesity among adults aged >=18 Years,%,CrdPrv,Crude prevalence,46.6,45.0,48.1,,,"2,914","(35.1151683214, -90.023746709)",UNHBEH,OBESITY,4748000,47157011500,Obesity
2014,TN,Tennessee,Memphis,Census Tract,BRFSS,Unhealthy Behaviors,4748000-47157011600,Obesity among adults aged >=18 Years,%,CrdPrv,Crude prevalence,46.8,45.4,48.1,,,"2,743","(35.120541441, -90.0397678788)",UNHBEH,OBESITY,4748000,47157011600,Obesity
2014,TN,Tennessee,Memphis,Census Tract,BRFSS,Unhealthy Behaviors,4748000-47157011700,Obesity among adults aged >=18 Years,%,CrdPrv,Crude prevalence,45.3,43.5,46.8,,,"1,693","(35.1167685536, -90.0649034322)",UNHBEH,OBESITY,4748000,47157011700,Obesity
2014,TN,Tennessee,Memphis,Census Tract,BRFSS,Unhealthy Behaviors,4748000-47157011800,Obesity among adults aged >=18 Years,%,CrdPrv,Crude prevalence,34.4,33.4,35.5,,,"5,645","(35.0943497136, -89.9240324177)",UNHBEH,OBESITY,4748000,47157011800,Obesity
2014,TN,Tennessee,Memphis,Census Tract,BRFSS,Unhealthy Behaviors,4748000-47157020511,Obesity among adults aged >=18 Years,%,CrdPrv,Crude prevalence,37.9,36.2,39.5,,,"2,128","(35.2054318433, -89.9601890603)",UNHBEH,OBESITY,4748000,47157020511,Obesity
2014,TN,Tennessee,Memphis,Census Tract,BRFSS,Unhealthy Behaviors,4748000-47157020512,Obesity among adults aged >=18 Years,%,CrdPrv,Crude prevalence,40.8,39.1,42.5,,,"5,837","(35.2060514271, -89.9419491138)",UNHBEH,OBESITY,4748000,47157020512,Obesity
2014,TN,Tennessee,Memphis,Census Tract,BRFSS,Unhealthy Behaviors,4748000-47157020521,Obesity among adults aged >=18 Years,%,CrdPrv,Crude prevalence,42.2,40.2,43.8,,,"3,693","(35.2467104209, -89.9536762671)",UNHBEH,OBESITY,4748000,47157020521,Obesity
2014,TN,Tennessee,Memphis,Census Tract,BRFSS,Unhealthy Behaviors,4748000-47157020523,Obesity among adults aged >=18 Years,%,CrdPrv,Crude prevalence,42.7,41.2,44.1,,,"3,547","(35.2457593667, -89.9346120777)",UNHBEH,OBESITY,4748000,47157020523,Obesity
2014,TN,Tennessee,Memphis,Census Tract,BRFSS,Unhealthy Behaviors,4748000-47157020524,Obesity among adults aged >=18 Years,%,CrdPrv,Crude prevalence,40.3,38.8,41.7,,,"4,909","(35.2310517969, -89.9401788519)",UNHBEH,OBESITY,4748000,47157020524,Obesity
2014,TN,Tennessee,Memphis,Census Tract,BRFSS,Unhealthy Behaviors,4748000-47157020531,Obesity among adults aged >=18 Years,%,CrdPrv,Crude prevalence,35.0,33.5,36.3,,,"1,719","(35.2540036572, -89.9259465115)",UNHBEH,OBESITY,4748000,47157020531,Obesity
2014,TN,Tennessee,Memphis,Census Tract,BRFSS,Unhealthy Behaviors,4748000-47157020532,Obesity among adults aged >=18 Years,%,CrdPrv,Crude prevalence,34.9,33.5,36.2,,,"5,294","(35.231628649, -89.9083777991)",UNHBEH,OBESITY,4748000,47157020532,Obesity
2014,TN,Tennessee,Memphis,Census Tract,BRFSS,Unhealthy Behaviors,4748000-47157020541,Obesity among adults aged >=18 Years,%,CrdPrv,Crude prevalence,35.7,34.2,37.1,,,"5,158","(35.2142908345, -89.9099025834)",UNHBEH,OBESITY,4748000,47157020541,Obesity
2014,TN,Tennessee,Memphis,Census Tract,BRFSS,Unhealthy Behaviors,4748000-47157020542,Obesity among adults aged >=18 Years,%,CrdPrv,Crude prevalence,38.0,36.3,39.5,,,"5,313","(35.1975005171, -89.9068658088)",UNHBEH,OBESITY,4748000,47157020542,Obesity
2014,TN,Tennessee,Memphis,Census Tract,BRFSS,Unhealthy Behaviors,4748000-47157020610,Obesity among adults aged >=18 Years,%,CrdPrv,Crude prevalence,32.3,30.8,33.7,,,"4,164","(35.1761991829, -89.8851112203)",UNHBEH,OBESITY,4748000,47157020610,Obesity
2014,TN,Tennessee,Memphis,Census Tract,BRFSS,Unhealthy Behaviors,4748000-47157020621,Obesity among adults aged >=18 Years,%,CrdPrv,Crude prevalence,34.5,33.0,36.0,,,"5,528","(35.1952083691, -89.8854018251)",UNHBEH,OBESITY,4748000,47157020621,Obesity
2014,TN,Tennessee,Memphis,Census Tract,BRFSS,Unhealthy Behaviors,4748000-47157020622,Obesity among adults aged >=18 Years,%,CrdPrv,Crude prevalence,27.6,26.5,28.7,,,895,"(35.184969891, -89.8624968007)",UNHBEH,OBESITY,4748000,47157020622,Obesity
2014,TN,Tennessee,Memphis,Census Tract,BRFSS,Unhealthy Behaviors,4748000-47157020644,Obesity among adults aged >=18 Years,%,CrdPrv,Crude prevalence,29.3,28.0,30.5,,,"1,651","(35.2261085894, -89.8883965952)",UNHBEH,OBESITY,4748000,47157020644,Obesity
2014,TN,Tennessee,Memphis,Census Tract,BRFSS,Unhealthy Behaviors,4748000-47157020651,Obesity among adults aged >=18 Years,%,CrdPrv,Crude prevalence,33.7,32.4,35.0,,,"2,556","(35.2143816732, -89.8887650384)",UNHBEH,OBESITY,4748000,47157020651,Obesity
2014,TN,Tennessee,Memphis,Census Tract,BRFSS,Unhealthy Behaviors,4748000-47157021010,Obesity among adults aged >=18 Years,%,CrdPrv,Crude prevalence,27.7,26.6,28.7,,,"5,227","(35.2004562979, -89.7023398896)",UNHBEH,OBESITY,4748000,47157021010,Obesity
2014,TN,Tennessee,Memphis,Census Tract,BRFSS,Unhealthy Behaviors,4748000-47157021111,Obesity among adults aged >=18 Years,%,CrdPrv,Crude prevalence,31.1,30.0,32.2,,,"3,711","(35.1777783462, -89.8526515433)",UNHBEH,OBESITY,4748000,47157021111,Obesity
2014,TN,Tennessee,Memphis,Census Tract,BRFSS,Unhealthy Behaviors,4748000-47157021112,Obesity among adults aged >=18 Years,%,CrdPrv,Crude prevalence,29.9,28.9,30.8,,,"6,724","(35.1922797523, -89.8263395869)",UNHBEH,OBESITY,4748000,47157021112,Obesity
2014,TN,Tennessee,Memphis,Census Tract,BRFSS,Unhealthy Behaviors,4748000-47157021113,Obesity among adults aged >=18 Years,%,CrdPrv,Crude prevalence,28.5,27.3,29.6,,,"3,877","(35.1981528237, -89.8005128119)",UNHBEH,OBESITY,4748000,47157021113,Obesity
2014,TN,Tennessee,Memphis,Census Tract,BRFSS,Unhealthy Behaviors,4748000-47157021121,Obesity among adults aged >=18 Years,%,CrdPrv,Crude prevalence,27.9,27.0,28.7,,,"4,032","(35.1793386592, -89.8098894703)",UNHBEH,OBESITY,4748000,47157021121,Obesity
2014,TN,Tennessee,Memphis,Census Tract,BRFSS,Unhealthy Behaviors,4748000-47157021122,Obesity among adults aged >=18 Years,%,CrdPrv,Crude prevalence,29.7,28.4,30.7,,,"5,626","(35.1606530627, -89.8478108547)",UNHBEH,OBESITY,4748000,47157021122,Obesity
2014,TN,Tennessee,Memphis,Census Tract,BRFSS,Unhealthy Behaviors,4748000-47157021125,Obesity among adults aged >=18 Years,%,CrdPrv,Crude prevalence,24.5,23.5,25.5,,,"2,687","(35.1472826245, -89.8033269549)",UNHBEH,OBESITY,4748000,47157021125,Obesity
2014,TN,Tennessee,Memphis,Census Tract,BRFSS,Unhealthy Behaviors,4748000-47157021126,Obesity among adults aged >=18 Years,%,CrdPrv,Crude prevalence,22.9,21.7,24.1,,,"3,908","(35.1659834095, -89.8019186704)",UNHBEH,OBESITY,4748000,47157021126,Obesity
2014,TN,Tennessee,Memphis,Census Tract,BRFSS,Unhealthy Behaviors,4748000-47157021135,Obesity among adults aged >=18 Years,%,CrdPrv,Crude prevalence,26.8,25.7,27.9,,,"6,334","(35.1667753933, -89.7865710045)",UNHBEH,OBESITY,4748000,47157021135,Obesity
2014,TN,Tennessee,Memphis,Census Tract,BRFSS,Unhealthy Behaviors,4748000-47157021136,Obesity among adults aged >=18 Years,%,CrdPrv,Crude prevalence,25.4,24.1,26.8,,,"3,538","(35.1667465068, -89.7719744811)",UNHBEH,OBESITY,4748000,47157021136,Obesity
2014,TN,Tennessee,Memphis,Census Tract,BRFSS,Unhealthy Behaviors,4748000-47157021137,Obesity among adults aged >=18 Years,%,CrdPrv,Crude prevalence,25.7,24.5,26.9,,,"8,037","(35.1420067396, -89.7810716122)",UNHBEH,OBESITY,4748000,47157021137,Obesity
2014,TN,Tennessee,Memphis,Census Tract,BRFSS,Unhealthy Behaviors,4748000-47157021138,Obesity among adults aged >=18 Years,%,CrdPrv,Crude prevalence,24.5,23.3,25.7,,,"2,472","(35.1418650061, -89.7600268044)",UNHBEH,OBESITY,4748000,47157021138,Obesity
2014,TN,Tennessee,Memphis,Census Tract,BRFSS,Unhealthy Behaviors,4748000-47157021139,Obesity among adults aged >=18 Years,%,CrdPrv,Crude prevalence,15.6,13.4,18.2,,,126,"(35.1172289001, -89.7727405564)",UNHBEH,OBESITY,4748000,47157021139,Obesity
2014,TN,Tennessee,Memphis,Census Tract,BRFSS,Unhealthy Behaviors,4748000-47157021140,Obesity among adults aged >=18 Years,%,CrdPrv,Crude prevalence,24.6,23.4,25.9,,,"3,538","(35.1231635222, -89.7877339183)",UNHBEH,OBESITY,4748000,47157021140,Obesity
2014,TN,Tennessee,Memphis,Census Tract,BRFSS,Unhealthy Behaviors,4748000-47157021141,Obesity among adults aged >=18 Years,%,CrdPrv,Crude prevalence,26.5,25.3,27.6,,,"7,301","(35.1877487555, -89.7655274748)",UNHBEH,OBESITY,4748000,47157021141,Obesity
2014,TN,Tennessee,Memphis,Census Tract,BRFSS,Unhealthy Behaviors,4748000-47157021142,Obesity among adults aged >=18 Years,%,CrdPrv,Crude prevalence,24.2,23.0,25.4,,,"3,440","(35.1924403124, -89.7796246334)",UNHBEH,OBESITY,4748000,47157021142,Obesity
2014,TN,Tennessee,Memphis,Census Tract,BRFSS,Unhealthy Behaviors,4748000-47157021200,Obesity among adults aged >=18 Years,%,CrdPrv,Crude prevalence,36.5,34.9,38.0,,,"4,526","(35.1569431695, -89.8670777912)",UNHBEH,OBESITY,4748000,47157021200,Obesity
2014,TN,Tennessee,Memphis,Census Tract,BRFSS,Unhealthy Behaviors,4748000-47157021311,Obesity among adults aged >=18 Years,%,CrdPrv,Crude prevalence,21.7,20.5,23.0,,,"4,778","(35.114875677, -89.8550127307)",UNHBEH,OBESITY,4748000,47157021311,Obesity
2014,TN,Tennessee,Memphis,Census Tract,BRFSS,Unhealthy Behaviors,4748000-47157021312,Obesity among adults aged >=18 Years,%,CrdPrv,Crude prevalence,22.6,21.4,23.8,,,"2,071","(35.1089780733, -89.8377386033)",UNHBEH,OBESITY,4748000,47157021312,Obesity
2014,TN,Tennessee,Memphis,Census Tract,BRFSS,Unhealthy Behaviors,4748000-47157021320,Obesity among adults aged >=18 Years,%,CrdPrv,Crude prevalence,23.0,22.0,24.1,,,"5,924","(35.0921858044, -89.8509901218)",UNHBEH,OBESITY,4748000,47157021320,Obesity
2014,TN,Tennessee,Memphis,Census Tract,BRFSS,Unhealthy Behaviors,4748000-47157021331,Obesity among adults aged >=18 Years,%,CrdPrv,Crude prevalence,25.9,24.9,27.0,,,"3,247","(35.0787982832, -89.8594379028)",UNHBEH,OBESITY,4748000,47157021331,Obesity
2014,TN,Tennessee,Memphis,Census Tract,BRFSS,Unhealthy Behaviors,4748000-47157021333,Obesity among adults aged >=18 Years,%,CrdPrv,Crude prevalence,30.1,28.9,31.2,,,"3,754","(35.0744238867, -89.8350952675)",UNHBEH,OBESITY,4748000,47157021333,Obesity
2014,TN,Tennessee,Memphis,Census Tract,BRFSS,Unhealthy Behaviors,4748000-47157021334,Obesity among adults aged >=18 Years,%,CrdPrv,Crude prevalence,32.3,30.9,33.5,,,"3,710","(35.0605097955, -89.8237929842)",UNHBEH,OBESITY,4748000,47157021334,Obesity
2014,TN,Tennessee,Memphis,Census Tract,BRFSS,Unhealthy Behaviors,4748000-47157021342,Obesity among adults aged >=18 Years,%,CrdPrv,Crude prevalence,28.9,27.4,30.3,,,"2,511","(35.0556004432, -89.7984751532)",UNHBEH,OBESITY,4748000,47157021342,Obesity
2014,TN,Tennessee,Memphis,Census Tract,BRFSS,Unhealthy Behaviors,4748000-47157021510,Obesity among adults aged >=18 Years,%,CrdPrv,Crude prevalence,,,,*,Estimates suppressed for population less than 50,5,"(35.0425812203, -89.7800630346)",UNHBEH,OBESITY,4748000,47157021510,Obesity
2014,TN,Tennessee,Memphis,Census Tract,BRFSS,Unhealthy Behaviors,4748000-47157021710,Obesity among adults aged >=18 Years,%,CrdPrv,Crude prevalence,38.9,37.1,40.5,,,"3,114","(35.0721872855, -89.8740507694)",UNHBEH,OBESITY,4748000,47157021710,Obesity
2014,TN,Tennessee,Memphis,Census Tract,BRFSS,Unhealthy Behaviors,4748000-47157021721,Obesity among adults aged >=18 Years,%,CrdPrv,Crude prevalence,42.5,40.9,43.9,,,"3,974","(35.0613386322, -89.8613468208)",UNHBEH,OBESITY,4748000,47157021721,Obesity
2014,TN,Tennessee,Memphis,Census Tract,BRFSS,Unhealthy Behaviors,4748000-47157021724,Obesity among adults aged >=18 Years,%,CrdPrv,Crude prevalence,36.9,35.3,38.3,,,"2,312","(35.05477243, -89.8349820514)",UNHBEH,OBESITY,4748000,47157021724,Obesity
2014,TN,Tennessee,Memphis,Census Tract,BRFSS,Unhealthy Behaviors,4748000-47157021725,Obesity among adults aged >=18 Years,%,CrdPrv,Crude prevalence,38.0,36.3,39.7,,,"4,073","(35.0642348229, -89.8509632423)",UNHBEH,OBESITY,4748000,47157021725,Obesity
2014,TN,Tennessee,Memphis,Census Tract,BRFSS,Unhealthy Behaviors,4748000-47157021726,Obesity among adults aged >=18 Years,%,CrdPrv,Crude prevalence,34.4,32.8,35.8,,,"4,156","(35.0549233988, -89.8505914096)",UNHBEH,OBESITY,4748000,47157021726,Obesity
2014,TN,Tennessee,Memphis,Census Tract,BRFSS,Unhealthy Behaviors,4748000-47157021731,Obesity among adults aged >=18 Years,%,CrdPrv,Crude prevalence,42.2,40.6,43.6,,,"2,845","(35.0427235455, -89.8760678502)",UNHBEH,OBESITY,4748000,47157021731,Obesity
2014,TN,Tennessee,Memphis,Census Tract,BRFSS,Unhealthy Behaviors,4748000-47157021732,Obesity among adults aged >=18 Years,%,CrdPrv,Crude prevalence,39.8,38.0,41.3,,,"6,966","(35.0426452021, -89.8557493943)",UNHBEH,OBESITY,4748000,47157021732,Obesity
2014,TN,Tennessee,Memphis,Census Tract,BRFSS,Unhealthy Behaviors,4748000-47157021741,Obesity among adults aged >=18 Years,%,CrdPrv,Crude prevalence,39.3,37.7,40.8,,,"7,888","(35.027670611, -89.8616102801)",UNHBEH,OBESITY,4748000,47157021741,Obesity
2014,TN,Tennessee,Memphis,Census Tract,BRFSS,Unhealthy Behaviors,4748000-47157021744,Obesity among adults aged >=18 Years,%,CrdPrv,Crude prevalence,34.5,32.9,35.9,,,"5,154","(35.0390306215, -89.8236651228)",UNHBEH,OBESITY,4748000,47157021744,Obesity
2014,TN,Tennessee,Memphis,Census Tract,BRFSS,Unhealthy Behaviors,4748000-47157021746,Obesity among adults aged >=18 Years,%,CrdPrv,Crude prevalence,36.6,35.2,37.8,,,"4,588","(35.0393420748, -89.8375054703)",UNHBEH,OBESITY,4748000,47157021746,Obesity
2014,TN,Tennessee,Memphis,Census Tract,BRFSS,Unhealthy Behaviors,4748000-47157021747,Obesity among adults aged >=18 Years,%,CrdPrv,Crude prevalence,36.9,35.2,38.4,,,"4,035","(35.0263398239, -89.8411279875)",UNHBEH,OBESITY,4748000,47157021747,Obesity
2014,TN,Tennessee,Memphis,Census Tract,BRFSS,Unhealthy Behaviors,4748000-47157021751,Obesity among adults aged >=18 Years,%,CrdPrv,Crude prevalence,,,,*,Estimates suppressed for population less than 50,10,"(35.0185510143, -89.8294368675)",UNHBEH,OBESITY,4748000,47157021751,Obesity
2014,TN,Tennessee,Memphis,Census Tract,BRFSS,Unhealthy Behaviors,4748000-47157021754,Obesity among adults aged >=18 Years,%,CrdPrv,Crude prevalence,35.9,34.1,37.6,,,"2,364","(35.0167942091, -89.8399559878)",UNHBEH,OBESITY,4748000,47157021754,Obesity
2014,TN,Tennessee,Memphis,Census Tract,BRFSS,Unhealthy Behaviors,4748000-47157021900,Obesity among adults aged >=18 Years,%,CrdPrv,Crude prevalence,42.4,40.7,44.2,,,"5,031","(35.009319048, -89.9618636285)",UNHBEH,OBESITY,4748000,47157021900,Obesity
2014,TN,Tennessee,Memphis,Census Tract,BRFSS,Unhealthy Behaviors,4748000-47157022022,Obesity among adults aged >=18 Years,%,CrdPrv,Crude prevalence,44.8,43.1,46.3,,,"3,377","(35.0499027631, -90.0005482452)",UNHBEH,OBESITY,4748000,47157022022,Obesity
2014,TN,Tennessee,Memphis,Census Tract,BRFSS,Unhealthy Behaviors,4748000-47157022023,Obesity among adults aged >=18 Years,%,CrdPrv,Crude prevalence,40.2,38.5,41.9,,,"2,757","(35.0537225249, -90.0183008364)",UNHBEH,OBESITY,4748000,47157022023,Obesity
2014,TN,Tennessee,Memphis,Census Tract,BRFSS,Unhealthy Behaviors,4748000-47157022024,Obesity among adults aged >=18 Years,%,CrdPrv,Crude prevalence,39.5,37.7,41.1,,,"3,490","(35.0416570048, -90.0154454964)",UNHBEH,OBESITY,4748000,47157022024,Obesity
2014,TN,Tennessee,Memphis,Census Tract,BRFSS,Unhealthy Behaviors,4748000-47157022111,Obesity among adults aged >=18 Years,%,CrdPrv,Crude prevalence,41.3,39.6,42.8,,,"5,742","(35.0283164719, -90.0262104196)",UNHBEH,OBESITY,4748000,47157022111,Obesity
2014,TN,Tennessee,Memphis,Census Tract,BRFSS,Unhealthy Behaviors,4748000-47157022112,Obesity among adults aged >=18 Years,%,CrdPrv,Crude prevalence,42.3,40.4,44.0,,,"6,014","(35.0282426445, -90.0009880951)",UNHBEH,OBESITY,4748000,47157022112,Obesity
2014,TN,Tennessee,Memphis,Census Tract,BRFSS,Unhealthy Behaviors,4748000-47157022121,Obesity among adults aged >=18 Years,%,CrdPrv,Crude prevalence,37.7,35.7,39.4,,,"4,436","(35.0137997714, -90.0225038221)",UNHBEH,OBESITY,4748000,47157022121,Obesity
2014,TN,Tennessee,Memphis,Census Tract,BRFSS,Unhealthy Behaviors,4748000-47157022122,Obesity among adults aged >=18 Years,%,CrdPrv,Crude prevalence,39.2,37.4,40.7,,,"3,995","(35.0137148004, -89.9987221985)",UNHBEH,OBESITY,4748000,47157022122,Obesity
2014,TN,Tennessee,Memphis,Census Tract,BRFSS,Unhealthy Behaviors,4748000-47157022130,Obesity among adults aged >=18 Years,%,CrdPrv,Crude prevalence,40.5,38.6,42.1,,,"5,920","(35.0007625499, -90.0116428254)",UNHBEH,OBESITY,4748000,47157022130,Obesity
2014,TN,Tennessee,Memphis,Census Tract,BRFSS,Unhealthy Behaviors,4748000-47157022210,Obesity among adults aged >=18 Years,%,CrdPrv,Crude prevalence,43.5,42.0,44.9,,,"4,615","(35.0369823853, -90.1163042443)",UNHBEH,OBESITY,4748000,47157022210,Obesity
2014,TN,Tennessee,Memphis,Census Tract,BRFSS,Unhealthy Behaviors,4748000-47157022220,Obesity among adults aged >=18 Years,%,CrdPrv,Crude prevalence,41.8,40.2,43.1,,,"4,099","(35.0660690423, -90.0748840956)",UNHBEH,OBESITY,4748000,47157022220,Obesity
2014,TN,Tennessee,Memphis,Census Tract,BRFSS,Unhealthy Behaviors,4748000-47157022310,Obesity among adults aged >=18 Years,%,CrdPrv,Crude prevalence,45.2,43.7,46.6,,,"5,520","(35.0461751924, -90.0807851271)",UNHBEH,OBESITY,4748000,47157022310,Obesity
2014,TN,Tennessee,Memphis,Census Tract,BRFSS,Unhealthy Behaviors,4748000-47157022321,Obesity among adults aged >=18 Years,%,CrdPrv,Crude prevalence,44.2,42.4,45.7,,,"4,052","(35.0435412732, -90.0549159254)",UNHBEH,OBESITY,4748000,47157022321,Obesity
2014,TN,Tennessee,Memphis,Census Tract,BRFSS,Unhealthy Behaviors,4748000-47157022322,Obesity among adults aged >=18 Years,%,CrdPrv,Crude prevalence,41.5,39.6,43.2,,,"4,197","(35.0279594375, -90.0550087245)",UNHBEH,OBESITY,4748000,47157022322,Obesity
2014,TN,Tennessee,Memphis,Census Tract,BRFSS,Unhealthy Behaviors,4748000-47157022330,Obesity among adults aged >=18 Years,%,CrdPrv,Crude prevalence,43.0,41.6,44.4,,,"4,744","(35.0281454156, -90.0838624162)",UNHBEH,OBESITY,4748000,47157022330,Obesity
2014,TN,Tennessee,Memphis,Census Tract,BRFSS,Unhealthy Behaviors,4748000-47157022410,Obesity among adults aged >=18 Years,%,CrdPrv,Crude prevalence,39.8,37.9,41.5,,,"6,011","(35.0074348396, -90.0929161936)",UNHBEH,OBESITY,4748000,47157022410,Obesity
2014,TN,Tennessee,Memphis,Census Tract,BRFSS,Unhealthy Behaviors,4748000-47157022500,Obesity among adults aged >=18 Years,%,CrdPrv,Crude prevalence,40.6,39.0,42.0,,,"4,641","(35.06122972, -90.0294839675)",UNHBEH,OBESITY,4748000,47157022500,Obesity
2014,TN,Tennessee,Memphis,Census Tract,BRFSS,Unhealthy Behaviors,4748000-47157022600,Obesity among adults aged >=18 Years,%,CrdPrv,Crude prevalence,41.6,40.1,42.9,,,"3,322","(35.019385467, -89.8996009007)",UNHBEH,OBESITY,4748000,47157022600,Obesity
2014,TN,Tennessee,Memphis,Census Tract,BRFSS,Unhealthy Behaviors,4748000-47157022700,Obesity among adults aged >=18 Years,%,CrdPrv,Crude prevalence,45.1,43.3,46.8,,,"7,166","(35.0077659385, -90.0513630933)",UNHBEH,OBESITY,4748000,47157022700,Obesity
2014,TN,Tennessee,Memphis,Census Tract,BRFSS,Unhealthy Behaviors,4748000-47157980100,Obesity among adults aged >=18 Years,%,CrdPrv,Crude prevalence,43.3,41.8,44.8,,,63,"(35.0534030584, -89.9712369407)",UNHBEH,OBESITY,4748000,47157980100,Obesity
2014,TN,Tennessee,Memphis,Census Tract,BRFSS,Unhealthy Behaviors,4748000-47157980200,Obesity among adults aged >=18 Years,%,CrdPrv,Crude prevalence,,,,*,Estimates suppressed for population less than 50,3,"(35.1022798842, -90.1320363588)",UNHBEH,OBESITY,4748000,47157980200,Obesity
2014,TN,Tennessee,Memphis,Census Tract,BRFSS,Unhealthy Behaviors,4748000-47157980400,Obesity among adults aged >=18 Years,%,CrdPrv,Crude prevalence,32.4,30.7,33.8,,,293,"(35.1360470308, -89.8330412203)",UNHBEH,OBESITY,4748000,47157980400,Obesity
