Year,StateAbbr,StateDesc,CityName,GeographicLevel,DataSource,Category,UniqueID,Measure,Data_Value_Unit,DataValueTypeID,Data_Value_Type,Data_Value,Data_Value_Footnote_Symbol,Data_Value_Footnote,Low_Confidence_Limit,High_Confidence_Limit,PopulationCount,GeoLocation,CategoryID,MeasureId,CityFIPS,TractFIPS,Short_Question_Text
2014,TX,Texas,San Antonio,Census Tract,BRFSS,Unhealthy Behaviors,4865000-48029120902,Obesity among adults aged >=18 Years,%,CrdPrv,Crude prevalence,28.4,,,27.8,29.1,"6,123","(29.5082046326, -98.4229890256)",UNHBEH,OBESITY,4865000,48029120902,Obesity
2014,TX,Texas,San Antonio,Census Tract,BRFSS,Unhealthy Behaviors,4865000-48029121000,Obesity among adults aged >=18 Years,%,CrdPrv,Crude prevalence,30.0,,,29.0,31.0,"7,095","(29.5309800792, -98.4447487176)",UNHBEH,OBESITY,4865000,48029121000,Obesity
2014,TX,Texas,San Antonio,Census Tract,BRFSS,Unhealthy Behaviors,4865000-48029121108,Obesity among adults aged >=18 Years,%,CrdPrv,Crude prevalence,27.5,,,26.5,28.6,"7,109","(29.5664165652, -98.4701059785)",UNHBEH,OBESITY,4865000,48029121108,Obesity
2014,TX,Texas,San Antonio,Census Tract,BRFSS,Unhealthy Behaviors,4865000-48029121120,Obesity among adults aged >=18 Years,%,CrdPrv,Crude prevalence,27.4,,,26.3,28.5,"5,103","(29.5570598707, -98.4369375906)",UNHBEH,OBESITY,4865000,48029121120,Obesity
2014,TX,Texas,San Antonio,Census Tract,BRFSS,Unhealthy Behaviors,4865000-48029121121,Obesity among adults aged >=18 Years,%,CrdPrv,Crude prevalence,27.3,,,26.0,28.7,"3,001","(29.5877234392, -98.4324581305)",UNHBEH,OBESITY,4865000,48029121121,Obesity
2014,TX,Texas,San Antonio,Census Tract,BRFSS,Unhealthy Behaviors,4865000-48029121110,Obesity among adults aged >=18 Years,%,CrdPrv,Crude prevalence,27.5,,,26.3,28.6,"4,895","(29.5843744004, -98.4146199225)",UNHBEH,OBESITY,4865000,48029121110,Obesity
2014,TX,Texas,San Antonio,Census Tract,BRFSS,Unhealthy Behaviors,4865000-48029121122,Obesity among adults aged >=18 Years,%,CrdPrv,Crude prevalence,26.7,,,25.5,27.8,"5,390","(29.5751078785, -98.426330951)",UNHBEH,OBESITY,4865000,48029121122,Obesity
2014,TX,Texas,San Antonio,Census Tract,BRFSS,Unhealthy Behaviors,4865000-48029121203,Obesity among adults aged >=18 Years,%,CrdPrv,Crude prevalence,34.6,,,34.0,35.2,"3,996","(29.5337572799, -98.3911324992)",UNHBEH,OBESITY,4865000,48029121203,Obesity
2014,TX,Texas,San Antonio,Census Tract,BRFSS,Unhealthy Behaviors,4865000-48029121111,Obesity among adults aged >=18 Years,%,CrdPrv,Crude prevalence,30.4,,,29.4,31.3,"6,591","(29.5677956591, -98.3980016731)",UNHBEH,OBESITY,4865000,48029121111,Obesity
2014,TX,Texas,San Antonio,Census Tract,BRFSS,Unhealthy Behaviors,4865000-48029121204,Obesity among adults aged >=18 Years,%,CrdPrv,Crude prevalence,31.2,,,30.4,32.1,"7,747","(29.5263504848, -98.4207162984)",UNHBEH,OBESITY,4865000,48029121204,Obesity
2014,TX,Texas,San Antonio,Census Tract,BRFSS,Unhealthy Behaviors,4865000-48029121205,Obesity among adults aged >=18 Years,%,CrdPrv,Crude prevalence,36.9,,,36.2,37.5,"3,496","(29.5411714721, -98.4061544377)",UNHBEH,OBESITY,4865000,48029121205,Obesity
2014,TX,Texas,San Antonio,Census Tract,BRFSS,Unhealthy Behaviors,4865000-48029121206,Obesity among adults aged >=18 Years,%,CrdPrv,Crude prevalence,30.7,,,29.9,31.6,"7,267","(29.5529959255, -98.3918976455)",UNHBEH,OBESITY,4865000,48029121206,Obesity
2014,TX,Texas,San Antonio,Census Tract,BRFSS,Unhealthy Behaviors,4865000-48029121300,Obesity among adults aged >=18 Years,%,CrdPrv,Crude prevalence,29.3,,,28.6,30.0,"1,999","(29.5265815603, -98.3808494957)",UNHBEH,OBESITY,4865000,48029121300,Obesity
2014,TX,Texas,San Antonio,Census Tract,BRFSS,Unhealthy Behaviors,4865000-48029110100,Obesity among adults aged >=18 Years,%,CrdPrv,Crude prevalence,32.9,,,32.0,33.9,"3,379","(29.4266197686, -98.4907465035)",UNHBEH,OBESITY,4865000,48029110100,Obesity
2014,TX,Texas,San Antonio,Census Tract,BRFSS,Unhealthy Behaviors,4865000-48029121402,Obesity among adults aged >=18 Years,%,CrdPrv,Crude prevalence,34.1,,,33.3,34.8,"5,584","(29.4920674494, -98.3686618021)",UNHBEH,OBESITY,4865000,48029121402,Obesity
2014,TX,Texas,San Antonio,Census Tract,BRFSS,Unhealthy Behaviors,4865000-48029110300,Obesity among adults aged >=18 Years,%,CrdPrv,Crude prevalence,35.8,,,34.6,36.9,"2,542","(29.4143332754, -98.4808556963)",UNHBEH,OBESITY,4865000,48029110300,Obesity
2014,TX,Texas,San Antonio,Census Tract,BRFSS,Unhealthy Behaviors,4865000-48029121403,Obesity among adults aged >=18 Years,%,CrdPrv,Crude prevalence,34.6,,,33.9,35.3,"4,957","(29.503317936, -98.3817179267)",UNHBEH,OBESITY,4865000,48029121403,Obesity
2014,TX,Texas,San Antonio,Census Tract,BRFSS,Unhealthy Behaviors,4865000-48029110500,Obesity among adults aged >=18 Years,%,CrdPrv,Crude prevalence,44.2,,,42.7,45.4,"2,238","(29.4174010158, -98.5088883394)",UNHBEH,OBESITY,4865000,48029110500,Obesity
2014,TX,Texas,San Antonio,Census Tract,BRFSS,Unhealthy Behaviors,4865000-48029110600,Obesity among adults aged >=18 Years,%,CrdPrv,Crude prevalence,42.6,,,41.5,43.7,"7,553","(29.4302244696, -98.5074906295)",UNHBEH,OBESITY,4865000,48029110600,Obesity
2014,TX,Texas,San Antonio,Census Tract,BRFSS,Unhealthy Behaviors,4865000-48029121404,Obesity among adults aged >=18 Years,%,CrdPrv,Crude prevalence,39.4,,,38.8,40.0,"4,945","(29.4808816522, -98.3934113218)",UNHBEH,OBESITY,4865000,48029121404,Obesity
2014,TX,Texas,San Antonio,Census Tract,BRFSS,Unhealthy Behaviors,4865000-48029110700,Obesity among adults aged >=18 Years,%,CrdPrv,Crude prevalence,40.0,,,38.5,41.3,"1,398","(29.4393877356, -98.5040419694)",UNHBEH,OBESITY,4865000,48029110700,Obesity
2014,TX,Texas,San Antonio,Census Tract,BRFSS,Unhealthy Behaviors,4865000-48029110800,Obesity among adults aged >=18 Years,%,CrdPrv,Crude prevalence,34.7,,,33.5,35.8,"1,965","(29.4423625566, -98.4929855727)",UNHBEH,OBESITY,4865000,48029110800,Obesity
2014,TX,Texas,San Antonio,Census Tract,BRFSS,Unhealthy Behaviors,4865000-48029121501,Obesity among adults aged >=18 Years,%,CrdPrv,Crude prevalence,26.8,,,25.6,28.0,240,"(29.5436765316, -98.3598591399)",UNHBEH,OBESITY,4865000,48029121501,Obesity
2014,TX,Texas,San Antonio,Census Tract,BRFSS,Unhealthy Behaviors,4865000-48029110900,Obesity among adults aged >=18 Years,%,CrdPrv,Crude prevalence,32.9,,,31.7,34.2,549,"(29.4389349965, -98.4828415372)",UNHBEH,OBESITY,4865000,48029110900,Obesity
2014,TX,Texas,San Antonio,Census Tract,BRFSS,Unhealthy Behaviors,4865000-48029121504,Obesity among adults aged >=18 Years,%,CrdPrv,Crude prevalence,28.7,,,27.9,29.4,"3,357","(29.5355165327, -98.3690522466)",UNHBEH,OBESITY,4865000,48029121504,Obesity
2014,TX,Texas,San Antonio,Census Tract,BRFSS,Unhealthy Behaviors,4865000-48029121508,Obesity among adults aged >=18 Years,%,CrdPrv,Crude prevalence,39.2,,,37.5,40.6,58,"(29.5068430783, -98.3663391414)",UNHBEH,OBESITY,4865000,48029121508,Obesity
2014,TX,Texas,San Antonio,Census Tract,BRFSS,Unhealthy Behaviors,4865000-48029121802,Obesity among adults aged >=18 Years,%,CrdPrv,Crude prevalence,32.0,,,31.1,32.8,"7,575","(29.5741362544, -98.3570123362)",UNHBEH,OBESITY,4865000,48029121802,Obesity
2014,TX,Texas,San Antonio,Census Tract,BRFSS,Unhealthy Behaviors,4865000-48029111000,Obesity among adults aged >=18 Years,%,CrdPrv,Crude prevalence,36.7,,,35.7,37.7,"2,125","(29.4403237207, -98.4708577041)",UNHBEH,OBESITY,4865000,48029111000,Obesity
2014,TX,Texas,San Antonio,Census Tract,BRFSS,Unhealthy Behaviors,4865000-48029120100,Obesity among adults aged >=18 Years,%,CrdPrv,Crude prevalence,23.0,,,21.5,24.0,"7,129","(29.4609904929, -98.4371538449)",UNHBEH,OBESITY,4865000,48029120100,Obesity
2014,TX,Texas,San Antonio,Census Tract,BRFSS,Unhealthy Behaviors,4865000-48029121117,Obesity among adults aged >=18 Years,%,CrdPrv,Crude prevalence,26.3,,,25.3,27.3,"4,448","(29.5958088869, -98.4620211865)",UNHBEH,OBESITY,4865000,48029121117,Obesity
2014,TX,Texas,San Antonio,Census Tract,BRFSS,Unhealthy Behaviors,4865000-48029121118,Obesity among adults aged >=18 Years,%,CrdPrv,Crude prevalence,27.2,,,26.2,28.3,"5,620","(29.5959791405, -98.4464201945)",UNHBEH,OBESITY,4865000,48029121118,Obesity
2014,TX,Texas,San Antonio,Census Tract,BRFSS,Unhealthy Behaviors,4865000-48029120400,Obesity among adults aged >=18 Years,%,CrdPrv,Crude prevalence,18.9,,,17.4,20.5,855,"(29.466894123, -98.4433669735)",UNHBEH,OBESITY,4865000,48029120400,Obesity
2014,TX,Texas,San Antonio,Census Tract,BRFSS,Unhealthy Behaviors,4865000-48029120501,Obesity among adults aged >=18 Years,%,CrdPrv,Crude prevalence,34.0,,,33.2,34.8,"8,151","(29.4830103407, -98.4133765357)",UNHBEH,OBESITY,4865000,48029120501,Obesity
2014,TX,Texas,San Antonio,Census Tract,BRFSS,Unhealthy Behaviors,4865000-48029120502,Obesity among adults aged >=18 Years,%,CrdPrv,Crude prevalence,36.2,,,35.2,37.1,"5,155","(29.5045518532, -98.4076086997)",UNHBEH,OBESITY,4865000,48029120502,Obesity
2014,TX,Texas,San Antonio,Census Tract,BRFSS,Unhealthy Behaviors,4865000-48029120600,Obesity among adults aged >=18 Years,%,CrdPrv,Crude prevalence,27.4,,,26.5,28.4,"5,970","(29.4900209868, -98.4454905982)",UNHBEH,OBESITY,4865000,48029120600,Obesity
2014,TX,Texas,San Antonio,Census Tract,BRFSS,Unhealthy Behaviors,4865000-48029120701,Obesity among adults aged >=18 Years,%,CrdPrv,Crude prevalence,30.9,,,30.1,31.7,"5,326","(29.5128588585, -98.4694918857)",UNHBEH,OBESITY,4865000,48029120701,Obesity
2014,TX,Texas,San Antonio,Census Tract,BRFSS,Unhealthy Behaviors,4865000-48029120702,Obesity among adults aged >=18 Years,%,CrdPrv,Crude prevalence,22.6,,,21.4,23.8,"4,477","(29.4999854598, -98.4718962088)",UNHBEH,OBESITY,4865000,48029120702,Obesity
2014,TX,Texas,San Antonio,Census Tract,BRFSS,Unhealthy Behaviors,4865000-48029121119,Obesity among adults aged >=18 Years,%,CrdPrv,Crude prevalence,28.5,,,27.5,29.5,"5,362","(29.5609971793, -98.4510976995)",UNHBEH,OBESITY,4865000,48029121119,Obesity
2014,TX,Texas,San Antonio,Census Tract,BRFSS,Unhealthy Behaviors,4865000-48029120800,Obesity among adults aged >=18 Years,%,CrdPrv,Crude prevalence,23.4,,,22.2,24.7,"6,334","(29.5051548992, -98.4462680809)",UNHBEH,OBESITY,4865000,48029120800,Obesity
2014,TX,Texas,San Antonio,Census Tract,BRFSS,Unhealthy Behaviors,4865000-48029120901,Obesity among adults aged >=18 Years,%,CrdPrv,Crude prevalence,31.2,,,29.9,32.3,"2,077","(29.5217077263, -98.4384138017)",UNHBEH,OBESITY,4865000,48029120901,Obesity
2014,TX,Texas,San Antonio,Census Tract,BRFSS,Unhealthy Behaviors,4865000-48029121112,Obesity among adults aged >=18 Years,%,CrdPrv,Crude prevalence,30.0,,,28.9,31.0,"3,771","(29.5558904702, -98.4165534431)",UNHBEH,OBESITY,4865000,48029121112,Obesity
2014,TX,Texas,San Antonio,Census Tract,BRFSS,Unhealthy Behaviors,4865000-48029121115,Obesity among adults aged >=18 Years,%,CrdPrv,Crude prevalence,25.6,,,24.3,26.8,"5,141","(29.5753750814, -98.4534243302)",UNHBEH,OBESITY,4865000,48029121115,Obesity
2014,TX,Texas,San Antonio,Census Tract,BRFSS,Unhealthy Behaviors,4865000-48029121116,Obesity among adults aged >=18 Years,%,CrdPrv,Crude prevalence,28.8,,,27.5,30.0,"4,839","(29.5839833412, -98.4650426126)",UNHBEH,OBESITY,4865000,48029121116,Obesity
2014,TX,Texas,San Antonio,Census Tract,BRFSS,Unhealthy Behaviors,4865000-48029121803,Obesity among adults aged >=18 Years,%,CrdPrv,Crude prevalence,31.0,,,30.0,31.9,"4,549","(29.5548005016, -98.3671632783)",UNHBEH,OBESITY,4865000,48029121803,Obesity
2014,TX,Texas,San Antonio,Census Tract,BRFSS,Unhealthy Behaviors,4865000-48029121804,Obesity among adults aged >=18 Years,%,CrdPrv,Crude prevalence,32.7,,,31.8,33.6,"6,353","(29.5670519868, -98.3757435223)",UNHBEH,OBESITY,4865000,48029121804,Obesity
2014,TX,Texas,San Antonio,Census Tract,BRFSS,Unhealthy Behaviors,4865000-48029121808,Obesity among adults aged >=18 Years,%,CrdPrv,Crude prevalence,28.5,,,27.6,29.4,"3,436","(29.584303492, -98.3897138914)",UNHBEH,OBESITY,4865000,48029121808,Obesity
2014,TX,Texas,San Antonio,Census Tract,BRFSS,Unhealthy Behaviors,4865000-48029121809,Obesity among adults aged >=18 Years,%,CrdPrv,Crude prevalence,29.2,,,28.1,30.3,"4,982","(29.5780966088, -98.38214117)",UNHBEH,OBESITY,4865000,48029121809,Obesity
2014,TX,Texas,San Antonio,Census Tract,BRFSS,Unhealthy Behaviors,4865000-48029121810,Obesity among adults aged >=18 Years,%,CrdPrv,Crude prevalence,29.0,,,27.8,30.1,"4,387","(29.5919588799, -98.4047936367)",UNHBEH,OBESITY,4865000,48029121810,Obesity
2014,TX,Texas,San Antonio,Census Tract,BRFSS,Unhealthy Behaviors,4865000-48029121811,Obesity among adults aged >=18 Years,%,CrdPrv,Crude prevalence,27.1,,,25.9,28.3,"4,476","(29.5954572439, -98.3931972263)",UNHBEH,OBESITY,4865000,48029121811,Obesity
2014,TX,Texas,San Antonio,Census Tract,BRFSS,Unhealthy Behaviors,4865000-48029121812,Obesity among adults aged >=18 Years,%,CrdPrv,Crude prevalence,28.7,,,27.9,29.6,"6,028","(29.5902485519, -98.3672304497)",UNHBEH,OBESITY,4865000,48029121812,Obesity
2014,TX,Texas,San Antonio,Census Tract,BRFSS,Unhealthy Behaviors,4865000-48029121813,Obesity among adults aged >=18 Years,%,CrdPrv,Crude prevalence,30.9,,,29.7,32.0,"1,637","(29.5993925622, -98.3733466126)",UNHBEH,OBESITY,4865000,48029121813,Obesity
2014,TX,Texas,San Antonio,Census Tract,BRFSS,Unhealthy Behaviors,4865000-48029121903,Obesity among adults aged >=18 Years,%,CrdPrv,Crude prevalence,24.9,,,23.7,26.3,"4,765","(29.6212808134, -98.4316707568)",UNHBEH,OBESITY,4865000,48029121903,Obesity
2014,TX,Texas,San Antonio,Census Tract,BRFSS,Unhealthy Behaviors,4865000-48029121904,Obesity among adults aged >=18 Years,%,CrdPrv,Crude prevalence,25.1,,,23.9,26.5,"3,564","(29.6371626602, -98.4432631392)",UNHBEH,OBESITY,4865000,48029121904,Obesity
2014,TX,Texas,San Antonio,Census Tract,BRFSS,Unhealthy Behaviors,4865000-48029121905,Obesity among adults aged >=18 Years,%,CrdPrv,Crude prevalence,24.0,,,22.9,25.2,"3,839","(29.6472656891, -98.4412219376)",UNHBEH,OBESITY,4865000,48029121905,Obesity
2014,TX,Texas,San Antonio,Census Tract,BRFSS,Unhealthy Behaviors,4865000-48029121906,Obesity among adults aged >=18 Years,%,CrdPrv,Crude prevalence,25.7,,,24.4,26.8,"5,561","(29.6153464902, -98.452191138)",UNHBEH,OBESITY,4865000,48029121906,Obesity
2014,TX,Texas,San Antonio,Census Tract,BRFSS,Unhealthy Behaviors,4865000-48029121907,Obesity among adults aged >=18 Years,%,CrdPrv,Crude prevalence,25.6,,,24.4,26.8,223,"(29.6384803602, -98.3734103746)",UNHBEH,OBESITY,4865000,48029121907,Obesity
2014,TX,Texas,San Antonio,Census Tract,BRFSS,Unhealthy Behaviors,4865000-48029121909,Obesity among adults aged >=18 Years,%,CrdPrv,Crude prevalence,29.4,,,28.3,30.6,"1,076","(29.5967959506, -98.3394402069)",UNHBEH,OBESITY,4865000,48029121909,Obesity
2014,TX,Texas,San Antonio,Census Tract,BRFSS,Unhealthy Behaviors,4865000-48029121910,Obesity among adults aged >=18 Years,%,CrdPrv,Crude prevalence,26.1,,,25.0,27.4,"2,249","(29.6178348204, -98.3922058559)",UNHBEH,OBESITY,4865000,48029121910,Obesity
2014,TX,Texas,San Antonio,Census Tract,BRFSS,Unhealthy Behaviors,4865000-48029130200,Obesity among adults aged >=18 Years,%,CrdPrv,Crude prevalence,42.1,,,40.9,43.2,"1,755","(29.4158238923, -98.4673755798)",UNHBEH,OBESITY,4865000,48029130200,Obesity
2014,TX,Texas,San Antonio,Census Tract,BRFSS,Unhealthy Behaviors,4865000-48029130300,Obesity among adults aged >=18 Years,%,CrdPrv,Crude prevalence,44.1,,,43.1,45.1,"3,303","(29.4073203054, -98.4671910178)",UNHBEH,OBESITY,4865000,48029130300,Obesity
2014,TX,Texas,San Antonio,Census Tract,BRFSS,Unhealthy Behaviors,4865000-48029130401,Obesity among adults aged >=18 Years,%,CrdPrv,Crude prevalence,41.0,,,40.1,41.9,"4,107","(29.4080416652, -98.4543968953)",UNHBEH,OBESITY,4865000,48029130401,Obesity
2014,TX,Texas,San Antonio,Census Tract,BRFSS,Unhealthy Behaviors,4865000-48029130402,Obesity among adults aged >=18 Years,%,CrdPrv,Crude prevalence,43.6,,,42.9,44.3,"3,972","(29.4055240519, -98.4405753668)",UNHBEH,OBESITY,4865000,48029130402,Obesity
2014,TX,Texas,San Antonio,Census Tract,BRFSS,Unhealthy Behaviors,4865000-48029130500,Obesity among adults aged >=18 Years,%,CrdPrv,Crude prevalence,45.3,,,44.5,45.9,"4,146","(29.4192225565, -98.4521675053)",UNHBEH,OBESITY,4865000,48029130500,Obesity
2014,TX,Texas,San Antonio,Census Tract,BRFSS,Unhealthy Behaviors,4865000-48029130600,Obesity among adults aged >=18 Years,%,CrdPrv,Crude prevalence,44.2,,,43.1,45.2,"4,595","(29.4303224163, -98.4521995659)",UNHBEH,OBESITY,4865000,48029130600,Obesity
2014,TX,Texas,San Antonio,Census Tract,BRFSS,Unhealthy Behaviors,4865000-48029130700,Obesity among adults aged >=18 Years,%,CrdPrv,Crude prevalence,41.6,,,40.6,42.6,"1,728","(29.4394903795, -98.4514072495)",UNHBEH,OBESITY,4865000,48029130700,Obesity
2014,TX,Texas,San Antonio,Census Tract,BRFSS,Unhealthy Behaviors,4865000-48029130800,Obesity among adults aged >=18 Years,%,CrdPrv,Crude prevalence,42.5,,,41.8,43.3,"4,848","(29.4346640918, -98.4306483531)",UNHBEH,OBESITY,4865000,48029130800,Obesity
2014,TX,Texas,San Antonio,Census Tract,BRFSS,Unhealthy Behaviors,4865000-48029130900,Obesity among adults aged >=18 Years,%,CrdPrv,Crude prevalence,40.0,,,39.1,40.8,"4,689","(29.4371696847, -98.4075568249)",UNHBEH,OBESITY,4865000,48029130900,Obesity
2014,TX,Texas,San Antonio,Census Tract,BRFSS,Unhealthy Behaviors,4865000-48029131000,Obesity among adults aged >=18 Years,%,CrdPrv,Crude prevalence,41.3,,,40.5,42.1,"5,066","(29.4174140689, -98.4069606783)",UNHBEH,OBESITY,4865000,48029131000,Obesity
2014,TX,Texas,San Antonio,Census Tract,BRFSS,Unhealthy Behaviors,4865000-48029131100,Obesity among adults aged >=18 Years,%,CrdPrv,Crude prevalence,41.9,,,41.1,42.7,"2,438","(29.4055970197, -98.4268218832)",UNHBEH,OBESITY,4865000,48029131100,Obesity
2014,TX,Texas,San Antonio,Census Tract,BRFSS,Unhealthy Behaviors,4865000-48029131200,Obesity among adults aged >=18 Years,%,CrdPrv,Crude prevalence,36.7,,,35.9,37.4,"3,361","(29.3969294407, -98.4141745522)",UNHBEH,OBESITY,4865000,48029131200,Obesity
2014,TX,Texas,San Antonio,Census Tract,BRFSS,Unhealthy Behaviors,4865000-48029131300,Obesity among adults aged >=18 Years,%,CrdPrv,Crude prevalence,38.4,,,37.6,39.1,"5,559","(29.3925295895, -98.3976100503)",UNHBEH,OBESITY,4865000,48029131300,Obesity
2014,TX,Texas,San Antonio,Census Tract,BRFSS,Unhealthy Behaviors,4865000-48029131401,Obesity among adults aged >=18 Years,%,CrdPrv,Crude prevalence,35.2,,,34.0,36.2,"6,632","(29.3788266014, -98.3745924866)",UNHBEH,OBESITY,4865000,48029131401,Obesity
2014,TX,Texas,San Antonio,Census Tract,BRFSS,Unhealthy Behaviors,4865000-48029131402,Obesity among adults aged >=18 Years,%,CrdPrv,Crude prevalence,37.9,,,37.1,38.6,"2,449","(29.4056713878, -98.3821749412)",UNHBEH,OBESITY,4865000,48029131402,Obesity
2014,TX,Texas,San Antonio,Census Tract,BRFSS,Unhealthy Behaviors,4865000-48029131504,Obesity among adults aged >=18 Years,%,CrdPrv,Crude prevalence,36.5,,,35.2,37.7,337,"(29.4468686206, -98.3915693196)",UNHBEH,OBESITY,4865000,48029131504,Obesity
2014,TX,Texas,San Antonio,Census Tract,BRFSS,Unhealthy Behaviors,4865000-48029131505,Obesity among adults aged >=18 Years,%,CrdPrv,Crude prevalence,34.2,,,33.4,35.0,"3,567","(29.472795024, -98.366300009)",UNHBEH,OBESITY,4865000,48029131505,Obesity
2014,TX,Texas,San Antonio,Census Tract,BRFSS,Unhealthy Behaviors,4865000-48029131506,Obesity among adults aged >=18 Years,%,CrdPrv,Crude prevalence,33.6,,,32.2,34.9,315,"(29.4364676211, -98.3733676882)",UNHBEH,OBESITY,4865000,48029131506,Obesity
2014,TX,Texas,San Antonio,Census Tract,BRFSS,Unhealthy Behaviors,4865000-48029131507,Obesity among adults aged >=18 Years,%,CrdPrv,Crude prevalence,39.6,,,38.7,40.6,"5,430","(29.4651350616, -98.369136822)",UNHBEH,OBESITY,4865000,48029131507,Obesity
2014,TX,Texas,San Antonio,Census Tract,BRFSS,Unhealthy Behaviors,4865000-48029131601,Obesity among adults aged >=18 Years,%,CrdPrv,Crude prevalence,,*,Estimates suppressed for population less than 50,,,14,"(29.4846632327, -98.2833482466)",UNHBEH,OBESITY,4865000,48029131601,Obesity
2014,TX,Texas,San Antonio,Census Tract,BRFSS,Unhealthy Behaviors,4865000-48029131606,Obesity among adults aged >=18 Years,%,CrdPrv,Crude prevalence,30.9,,,29.4,32.2,251,"(29.4786255767, -98.2998128026)",UNHBEH,OBESITY,4865000,48029131606,Obesity
2014,TX,Texas,San Antonio,Census Tract,BRFSS,Unhealthy Behaviors,4865000-48029131609,Obesity among adults aged >=18 Years,%,CrdPrv,Crude prevalence,34.4,,,33.4,35.4,"3,270","(29.506034388, -98.3254547146)",UNHBEH,OBESITY,4865000,48029131609,Obesity
2014,TX,Texas,San Antonio,Census Tract,BRFSS,Unhealthy Behaviors,4865000-48029131612,Obesity among adults aged >=18 Years,%,CrdPrv,Crude prevalence,,*,Estimates suppressed for population less than 50,,,7,"(29.4582346472, -98.3231084851)",UNHBEH,OBESITY,4865000,48029131612,Obesity
2014,TX,Texas,San Antonio,Census Tract,BRFSS,Unhealthy Behaviors,4865000-48029131615,Obesity among adults aged >=18 Years,%,CrdPrv,Crude prevalence,31.0,,,30.0,31.9,"1,533","(29.4766899303, -98.3546541188)",UNHBEH,OBESITY,4865000,48029131615,Obesity
2014,TX,Texas,San Antonio,Census Tract,BRFSS,Unhealthy Behaviors,4865000-48029131802,Obesity among adults aged >=18 Years,%,CrdPrv,Crude prevalence,27.8,,,26.4,29.1,57,"(29.4515572114, -98.3173723801)",UNHBEH,OBESITY,4865000,48029131802,Obesity
2014,TX,Texas,San Antonio,Census Tract,BRFSS,Unhealthy Behaviors,4865000-48029140100,Obesity among adults aged >=18 Years,%,CrdPrv,Crude prevalence,37.7,,,36.2,39.0,"1,645","(29.4064085871, -98.478784496)",UNHBEH,OBESITY,4865000,48029140100,Obesity
2014,TX,Texas,San Antonio,Census Tract,BRFSS,Unhealthy Behaviors,4865000-48029140200,Obesity among adults aged >=18 Years,%,CrdPrv,Crude prevalence,37.1,,,35.7,38.3,"3,033","(29.396212914, -98.4810899276)",UNHBEH,OBESITY,4865000,48029140200,Obesity
2014,TX,Texas,San Antonio,Census Tract,BRFSS,Unhealthy Behaviors,4865000-48029140300,Obesity among adults aged >=18 Years,%,CrdPrv,Crude prevalence,39.6,,,38.4,40.7,"3,358","(29.3866881786, -98.4831444396)",UNHBEH,OBESITY,4865000,48029140300,Obesity
2014,TX,Texas,San Antonio,Census Tract,BRFSS,Unhealthy Behaviors,4865000-48029140400,Obesity among adults aged >=18 Years,%,CrdPrv,Crude prevalence,36.0,,,34.4,37.3,"3,824","(29.3968163461, -98.4673941519)",UNHBEH,OBESITY,4865000,48029140400,Obesity
2014,TX,Texas,San Antonio,Census Tract,BRFSS,Unhealthy Behaviors,4865000-48029140500,Obesity among adults aged >=18 Years,%,CrdPrv,Crude prevalence,35.0,,,33.6,36.3,"4,042","(29.396405395, -98.4549963377)",UNHBEH,OBESITY,4865000,48029140500,Obesity
2014,TX,Texas,San Antonio,Census Tract,BRFSS,Unhealthy Behaviors,4865000-48029140600,Obesity among adults aged >=18 Years,%,CrdPrv,Crude prevalence,39.4,,,38.1,40.6,"2,632","(29.3927381994, -98.4435776515)",UNHBEH,OBESITY,4865000,48029140600,Obesity
2014,TX,Texas,San Antonio,Census Tract,BRFSS,Unhealthy Behaviors,4865000-48029140700,Obesity among adults aged >=18 Years,%,CrdPrv,Crude prevalence,36.1,,,34.9,37.1,"4,734","(29.3875218197, -98.4609819533)",UNHBEH,OBESITY,4865000,48029140700,Obesity
2014,TX,Texas,San Antonio,Census Tract,BRFSS,Unhealthy Behaviors,4865000-48029140800,Obesity among adults aged >=18 Years,%,CrdPrv,Crude prevalence,37.9,,,36.9,38.9,"5,028","(29.3776566946, -98.4696195154)",UNHBEH,OBESITY,4865000,48029140800,Obesity
2014,TX,Texas,San Antonio,Census Tract,BRFSS,Unhealthy Behaviors,4865000-48029140900,Obesity among adults aged >=18 Years,%,CrdPrv,Crude prevalence,37.8,,,36.7,38.8,"1,948","(29.3798119253, -98.4548663884)",UNHBEH,OBESITY,4865000,48029140900,Obesity
2014,TX,Texas,San Antonio,Census Tract,BRFSS,Unhealthy Behaviors,4865000-48029141000,Obesity among adults aged >=18 Years,%,CrdPrv,Crude prevalence,38.8,,,37.5,39.9,"3,557","(29.3709841661, -98.4573460437)",UNHBEH,OBESITY,4865000,48029141000,Obesity
2014,TX,Texas,San Antonio,Census Tract,BRFSS,Unhealthy Behaviors,4865000-48029141101,Obesity among adults aged >=18 Years,%,CrdPrv,Crude prevalence,39.5,,,38.5,40.4,"4,438","(29.3575555476, -98.4534388091)",UNHBEH,OBESITY,4865000,48029141101,Obesity
2014,TX,Texas,San Antonio,Census Tract,BRFSS,Unhealthy Behaviors,4865000-48029141102,Obesity among adults aged >=18 Years,%,CrdPrv,Crude prevalence,38.1,,,36.9,39.1,"3,973","(29.3626957147, -98.4453441869)",UNHBEH,OBESITY,4865000,48029141102,Obesity
2014,TX,Texas,San Antonio,Census Tract,BRFSS,Unhealthy Behaviors,4865000-48029141200,Obesity among adults aged >=18 Years,%,CrdPrv,Crude prevalence,36.3,,,35.4,37.2,"6,885","(29.3802575216, -98.439554591)",UNHBEH,OBESITY,4865000,48029141200,Obesity
2014,TX,Texas,San Antonio,Census Tract,BRFSS,Unhealthy Behaviors,4865000-48029141300,Obesity among adults aged >=18 Years,%,CrdPrv,Crude prevalence,34.1,,,33.2,34.9,"5,591","(29.375527555, -98.4146439546)",UNHBEH,OBESITY,4865000,48029141300,Obesity
2014,TX,Texas,San Antonio,Census Tract,BRFSS,Unhealthy Behaviors,4865000-48029141402,Obesity among adults aged >=18 Years,%,CrdPrv,Crude prevalence,33.0,,,31.6,34.4,"3,622","(29.3454981204, -98.4145775978)",UNHBEH,OBESITY,4865000,48029141402,Obesity
2014,TX,Texas,San Antonio,Census Tract,BRFSS,Unhealthy Behaviors,4865000-48029141403,Obesity among adults aged >=18 Years,%,CrdPrv,Crude prevalence,33.1,,,32.2,34.1,"3,717","(29.3586567723, -98.4272774535)",UNHBEH,OBESITY,4865000,48029141403,Obesity
2014,TX,Texas,San Antonio,Census Tract,BRFSS,Unhealthy Behaviors,4865000-48029141404,Obesity among adults aged >=18 Years,%,CrdPrv,Crude prevalence,33.7,,,32.7,34.5,"4,401","(29.3667834362, -98.425703209)",UNHBEH,OBESITY,4865000,48029141404,Obesity
2014,TX,Texas,San Antonio,Census Tract,BRFSS,Unhealthy Behaviors,4865000-48029141600,Obesity among adults aged >=18 Years,%,CrdPrv,Crude prevalence,32.6,,,31.1,33.9,"4,410","(29.3291059265, -98.4373013705)",UNHBEH,OBESITY,4865000,48029141600,Obesity
2014,TX,Texas,San Antonio,Census Tract,BRFSS,Unhealthy Behaviors,4865000-48029141700,Obesity among adults aged >=18 Years,%,CrdPrv,Crude prevalence,33.5,,,32.2,34.7,"1,191","(29.3348174846, -98.4018960084)",UNHBEH,OBESITY,4865000,48029141700,Obesity
2014,TX,Texas,San Antonio,Census Tract,BRFSS,Unhealthy Behaviors,4865000-48029141800,Obesity among adults aged >=18 Years,%,CrdPrv,Crude prevalence,,*,Estimates suppressed for population less than 50,,,17,"(29.2619954273, -98.3870284433)",UNHBEH,OBESITY,4865000,48029141800,Obesity
2014,TX,Texas,San Antonio,Census Tract,BRFSS,Unhealthy Behaviors,4865000-48029141900,Obesity among adults aged >=18 Years,%,CrdPrv,Crude prevalence,30.6,,,29.1,31.8,82,"(29.3581276628, -98.3388876315)",UNHBEH,OBESITY,4865000,48029141900,Obesity
2014,TX,Texas,San Antonio,Census Tract,BRFSS,Unhealthy Behaviors,4865000-48029150100,Obesity among adults aged >=18 Years,%,CrdPrv,Crude prevalence,38.8,,,37.4,40.1,"5,099","(29.4037273779, -98.5033075222)",UNHBEH,OBESITY,4865000,48029150100,Obesity
2014,TX,Texas,San Antonio,Census Tract,BRFSS,Unhealthy Behaviors,4865000-48029150300,Obesity among adults aged >=18 Years,%,CrdPrv,Crude prevalence,39.4,,,38.7,40.1,"4,702","(29.3884112028, -98.5016463187)",UNHBEH,OBESITY,4865000,48029150300,Obesity
2014,TX,Texas,San Antonio,Census Tract,BRFSS,Unhealthy Behaviors,4865000-48029150400,Obesity among adults aged >=18 Years,%,CrdPrv,Crude prevalence,38.2,,,36.8,39.5,"3,974","(29.3879682037, -98.5173565939)",UNHBEH,OBESITY,4865000,48029150400,Obesity
2014,TX,Texas,San Antonio,Census Tract,BRFSS,Unhealthy Behaviors,4865000-48029150501,Obesity among adults aged >=18 Years,%,CrdPrv,Crude prevalence,39.7,,,38.9,40.5,"4,372","(29.3790792861, -98.5256037121)",UNHBEH,OBESITY,4865000,48029150501,Obesity
2014,TX,Texas,San Antonio,Census Tract,BRFSS,Unhealthy Behaviors,4865000-48029150502,Obesity among adults aged >=18 Years,%,CrdPrv,Crude prevalence,36.8,,,35.7,37.8,"3,940","(29.3717613575, -98.5254763494)",UNHBEH,OBESITY,4865000,48029150502,Obesity
2014,TX,Texas,San Antonio,Census Tract,BRFSS,Unhealthy Behaviors,4865000-48029150600,Obesity among adults aged >=18 Years,%,CrdPrv,Crude prevalence,38.9,,,38.0,39.8,"4,371","(29.375288786, -98.5104995041)",UNHBEH,OBESITY,4865000,48029150600,Obesity
2014,TX,Texas,San Antonio,Census Tract,BRFSS,Unhealthy Behaviors,4865000-48029150700,Obesity among adults aged >=18 Years,%,CrdPrv,Crude prevalence,38.5,,,37.6,39.2,"6,162","(29.3750351829, -98.4963581229)",UNHBEH,OBESITY,4865000,48029150700,Obesity
2014,TX,Texas,San Antonio,Census Tract,BRFSS,Unhealthy Behaviors,4865000-48029150800,Obesity among adults aged >=18 Years,%,CrdPrv,Crude prevalence,41.4,,,40.2,42.5,"3,165","(29.3663016934, -98.4771631667)",UNHBEH,OBESITY,4865000,48029150800,Obesity
2014,TX,Texas,San Antonio,Census Tract,BRFSS,Unhealthy Behaviors,4865000-48029150900,Obesity among adults aged >=18 Years,%,CrdPrv,Crude prevalence,37.1,,,36.0,38.0,"5,913","(29.3624269155, -98.4932268549)",UNHBEH,OBESITY,4865000,48029150900,Obesity
2014,TX,Texas,San Antonio,Census Tract,BRFSS,Unhealthy Behaviors,4865000-48029151000,Obesity among adults aged >=18 Years,%,CrdPrv,Crude prevalence,39.3,,,38.2,40.3,"3,365","(29.3625271397, -98.5102428109)",UNHBEH,OBESITY,4865000,48029151000,Obesity
2014,TX,Texas,San Antonio,Census Tract,BRFSS,Unhealthy Behaviors,4865000-48029151100,Obesity among adults aged >=18 Years,%,CrdPrv,Crude prevalence,37.0,,,36.1,37.8,"6,936","(29.3620773699, -98.5306826375)",UNHBEH,OBESITY,4865000,48029151100,Obesity
2014,TX,Texas,San Antonio,Census Tract,BRFSS,Unhealthy Behaviors,4865000-48029151200,Obesity among adults aged >=18 Years,%,CrdPrv,Crude prevalence,37.0,,,35.8,38.1,"9,620","(29.3381691784, -98.5426468378)",UNHBEH,OBESITY,4865000,48029151200,Obesity
2014,TX,Texas,San Antonio,Census Tract,BRFSS,Unhealthy Behaviors,4865000-48029151301,Obesity among adults aged >=18 Years,%,CrdPrv,Crude prevalence,37.4,,,36.4,38.3,"5,368","(29.3472951131, -98.5256582636)",UNHBEH,OBESITY,4865000,48029151301,Obesity
2014,TX,Texas,San Antonio,Census Tract,BRFSS,Unhealthy Behaviors,4865000-48029151302,Obesity among adults aged >=18 Years,%,CrdPrv,Crude prevalence,36.0,,,35.3,36.8,"3,148","(29.3295043036, -98.5242467264)",UNHBEH,OBESITY,4865000,48029151302,Obesity
2014,TX,Texas,San Antonio,Census Tract,BRFSS,Unhealthy Behaviors,4865000-48029151400,Obesity among adults aged >=18 Years,%,CrdPrv,Crude prevalence,39.7,,,38.5,40.8,"4,507","(29.3496029391, -98.5100569005)",UNHBEH,OBESITY,4865000,48029151400,Obesity
2014,TX,Texas,San Antonio,Census Tract,BRFSS,Unhealthy Behaviors,4865000-48029151500,Obesity among adults aged >=18 Years,%,CrdPrv,Crude prevalence,35.9,,,35.1,36.6,"2,573","(29.3525982021, -98.4923256702)",UNHBEH,OBESITY,4865000,48029151500,Obesity
2014,TX,Texas,San Antonio,Census Tract,BRFSS,Unhealthy Behaviors,4865000-48029151600,Obesity among adults aged >=18 Years,%,CrdPrv,Crude prevalence,35.4,,,34.6,36.0,"7,244","(29.3411913789, -98.4937924958)",UNHBEH,OBESITY,4865000,48029151600,Obesity
2014,TX,Texas,San Antonio,Census Tract,BRFSS,Unhealthy Behaviors,4865000-48029151700,Obesity among adults aged >=18 Years,%,CrdPrv,Crude prevalence,35.4,,,34.7,36.1,"6,423","(29.3294560047, -98.5006291916)",UNHBEH,OBESITY,4865000,48029151700,Obesity
2014,TX,Texas,San Antonio,Census Tract,BRFSS,Unhealthy Behaviors,4865000-48029151900,Obesity among adults aged >=18 Years,%,CrdPrv,Crude prevalence,36.1,,,35.2,36.9,"3,811","(29.2935488652, -98.4842824127)",UNHBEH,OBESITY,4865000,48029151900,Obesity
2014,TX,Texas,San Antonio,Census Tract,BRFSS,Unhealthy Behaviors,4865000-48029152000,Obesity among adults aged >=18 Years,%,CrdPrv,Crude prevalence,35.7,,,34.7,36.7,"1,896","(29.2832765912, -98.5340685206)",UNHBEH,OBESITY,4865000,48029152000,Obesity
2014,TX,Texas,San Antonio,Census Tract,BRFSS,Unhealthy Behaviors,4865000-48029152100,Obesity among adults aged >=18 Years,%,CrdPrv,Crude prevalence,37.8,,,36.6,38.7,184,"(29.2533478025, -98.5275594208)",UNHBEH,OBESITY,4865000,48029152100,Obesity
2014,TX,Texas,San Antonio,Census Tract,BRFSS,Unhealthy Behaviors,4865000-48029160100,Obesity among adults aged >=18 Years,%,CrdPrv,Crude prevalence,42.4,,,41.6,43.1,"5,794","(29.4084761065, -98.5212324049)",UNHBEH,OBESITY,4865000,48029160100,Obesity
2014,TX,Texas,San Antonio,Census Tract,BRFSS,Unhealthy Behaviors,4865000-48029160200,Obesity among adults aged >=18 Years,%,CrdPrv,Crude prevalence,36.7,,,35.7,37.7,"2,676","(29.3999438551, -98.5183672037)",UNHBEH,OBESITY,4865000,48029160200,Obesity
2014,TX,Texas,San Antonio,Census Tract,BRFSS,Unhealthy Behaviors,4865000-48029160300,Obesity among adults aged >=18 Years,%,CrdPrv,Crude prevalence,36.1,,,34.8,37.2,"5,228","(29.3912300191, -98.5263990242)",UNHBEH,OBESITY,4865000,48029160300,Obesity
2014,TX,Texas,San Antonio,Census Tract,BRFSS,Unhealthy Behaviors,4865000-48029160400,Obesity among adults aged >=18 Years,%,CrdPrv,Crude prevalence,36.7,,,35.7,37.6,"4,557","(29.3903429763, -98.5412402004)",UNHBEH,OBESITY,4865000,48029160400,Obesity
2014,TX,Texas,San Antonio,Census Tract,BRFSS,Unhealthy Behaviors,4865000-48029160501,Obesity among adults aged >=18 Years,%,CrdPrv,Crude prevalence,42.0,,,40.5,43.3,"4,117","(29.4112776461, -98.5387850072)",UNHBEH,OBESITY,4865000,48029160501,Obesity
2014,TX,Texas,San Antonio,Census Tract,BRFSS,Unhealthy Behaviors,4865000-48029160502,Obesity among adults aged >=18 Years,%,CrdPrv,Crude prevalence,36.3,,,35.0,37.4,"4,096","(29.4027444997, -98.5393755435)",UNHBEH,OBESITY,4865000,48029160502,Obesity
2014,TX,Texas,San Antonio,Census Tract,BRFSS,Unhealthy Behaviors,4865000-48029160600,Obesity among adults aged >=18 Years,%,CrdPrv,Crude prevalence,41.4,,,40.5,42.3,"4,899","(29.4113726536, -98.5537033011)",UNHBEH,OBESITY,4865000,48029160600,Obesity
2014,TX,Texas,San Antonio,Census Tract,BRFSS,Unhealthy Behaviors,4865000-48029160701,Obesity among adults aged >=18 Years,%,CrdPrv,Crude prevalence,37.3,,,36.1,38.4,"3,392","(29.4062076769, -98.5740697809)",UNHBEH,OBESITY,4865000,48029160701,Obesity
2014,TX,Texas,San Antonio,Census Tract,BRFSS,Unhealthy Behaviors,4865000-48029160702,Obesity among adults aged >=18 Years,%,CrdPrv,Crude prevalence,38.2,,,37.3,39.1,"5,314","(29.3962606218, -98.556947298)",UNHBEH,OBESITY,4865000,48029160702,Obesity
2014,TX,Texas,San Antonio,Census Tract,BRFSS,Unhealthy Behaviors,4865000-48029160901,Obesity among adults aged >=18 Years,%,CrdPrv,Crude prevalence,38.4,,,37.2,39.4,"3,164","(29.3676062443, -98.5460900593)",UNHBEH,OBESITY,4865000,48029160901,Obesity
2014,TX,Texas,San Antonio,Census Tract,BRFSS,Unhealthy Behaviors,4865000-48029160902,Obesity among adults aged >=18 Years,%,CrdPrv,Crude prevalence,38.8,,,37.5,39.9,"4,564","(29.3693473565, -98.5576989539)",UNHBEH,OBESITY,4865000,48029160902,Obesity
2014,TX,Texas,San Antonio,Census Tract,BRFSS,Unhealthy Behaviors,4865000-48029161000,Obesity among adults aged >=18 Years,%,CrdPrv,Crude prevalence,40.2,,,39.3,41.1,"3,898","(29.3440058985, -98.5727752221)",UNHBEH,OBESITY,4865000,48029161000,Obesity
2014,TX,Texas,San Antonio,Census Tract,BRFSS,Unhealthy Behaviors,4865000-48029161100,Obesity among adults aged >=18 Years,%,CrdPrv,Crude prevalence,37.0,,,36.1,37.7,"8,623","(29.3275406452, -98.5759118866)",UNHBEH,OBESITY,4865000,48029161100,Obesity
2014,TX,Texas,San Antonio,Census Tract,BRFSS,Unhealthy Behaviors,4865000-48029161200,Obesity among adults aged >=18 Years,%,CrdPrv,Crude prevalence,39.1,,,37.7,40.3,"2,022","(29.2990111909, -98.5821053391)",UNHBEH,OBESITY,4865000,48029161200,Obesity
2014,TX,Texas,San Antonio,Census Tract,BRFSS,Unhealthy Behaviors,4865000-48029161302,Obesity among adults aged >=18 Years,%,CrdPrv,Crude prevalence,38.4,,,37.1,39.7,"5,889","(29.3327828477, -98.6131747158)",UNHBEH,OBESITY,4865000,48029161302,Obesity
2014,TX,Texas,San Antonio,Census Tract,BRFSS,Unhealthy Behaviors,4865000-48029161303,Obesity among adults aged >=18 Years,%,CrdPrv,Crude prevalence,41.6,,,40.4,42.6,"4,503","(29.3428267716, -98.60672217)",UNHBEH,OBESITY,4865000,48029161303,Obesity
2014,TX,Texas,San Antonio,Census Tract,BRFSS,Unhealthy Behaviors,4865000-48029161304,Obesity among adults aged >=18 Years,%,CrdPrv,Crude prevalence,41.3,,,40.0,42.5,"4,290","(29.3493752573, -98.5922245894)",UNHBEH,OBESITY,4865000,48029161304,Obesity
2014,TX,Texas,San Antonio,Census Tract,BRFSS,Unhealthy Behaviors,4865000-48029161400,Obesity among adults aged >=18 Years,%,CrdPrv,Crude prevalence,,*,Estimates suppressed for population less than 50,,,27,"(29.3957705753, -98.6312365402)",UNHBEH,OBESITY,4865000,48029161400,Obesity
2014,TX,Texas,San Antonio,Census Tract,BRFSS,Unhealthy Behaviors,4865000-48029161501,Obesity among adults aged >=18 Years,%,CrdPrv,Crude prevalence,35.2,,,34.1,36.2,"7,656","(29.3647922136, -98.6074114039)",UNHBEH,OBESITY,4865000,48029161501,Obesity
2014,TX,Texas,San Antonio,Census Tract,BRFSS,Unhealthy Behaviors,4865000-48029161503,Obesity among adults aged >=18 Years,%,CrdPrv,Crude prevalence,36.6,,,35.2,37.8,"3,901","(29.3558349822, -98.6267722457)",UNHBEH,OBESITY,4865000,48029161503,Obesity
2014,TX,Texas,San Antonio,Census Tract,BRFSS,Unhealthy Behaviors,4865000-48029161504,Obesity among adults aged >=18 Years,%,CrdPrv,Crude prevalence,35.8,,,34.5,36.8,"4,341","(29.355100677, -98.6170565735)",UNHBEH,OBESITY,4865000,48029161504,Obesity
2014,TX,Texas,San Antonio,Census Tract,BRFSS,Unhealthy Behaviors,4865000-48029161600,Obesity among adults aged >=18 Years,%,CrdPrv,Crude prevalence,36.2,,,35.1,37.1,"3,958","(29.3931382329, -98.6173812373)",UNHBEH,OBESITY,4865000,48029161600,Obesity
2014,TX,Texas,San Antonio,Census Tract,BRFSS,Unhealthy Behaviors,4865000-48029161801,Obesity among adults aged >=18 Years,%,CrdPrv,Crude prevalence,30.2,,,29.1,31.1,"4,028","(29.3847024363, -98.6479598598)",UNHBEH,OBESITY,4865000,48029161801,Obesity
2014,TX,Texas,San Antonio,Census Tract,BRFSS,Unhealthy Behaviors,4865000-48029161802,Obesity among adults aged >=18 Years,%,CrdPrv,Crude prevalence,37.2,,,36.4,37.9,"5,319","(29.3420196159, -98.6473702035)",UNHBEH,OBESITY,4865000,48029161802,Obesity
2014,TX,Texas,San Antonio,Census Tract,BRFSS,Unhealthy Behaviors,4865000-48029161902,Obesity among adults aged >=18 Years,%,CrdPrv,Crude prevalence,,*,Estimates suppressed for population less than 50,,,44,"(29.3803850409, -98.7048711024)",UNHBEH,OBESITY,4865000,48029161902,Obesity
2014,TX,Texas,San Antonio,Census Tract,BRFSS,Unhealthy Behaviors,4865000-48029170101,Obesity among adults aged >=18 Years,%,CrdPrv,Crude prevalence,42.8,,,41.9,43.8,"3,839","(29.4399155379, -98.5190680863)",UNHBEH,OBESITY,4865000,48029170101,Obesity
2014,TX,Texas,San Antonio,Census Tract,BRFSS,Unhealthy Behaviors,4865000-48029170102,Obesity among adults aged >=18 Years,%,CrdPrv,Crude prevalence,37.7,,,36.6,38.7,"3,796","(29.4316250582, -98.5195831659)",UNHBEH,OBESITY,4865000,48029170102,Obesity
2014,TX,Texas,San Antonio,Census Tract,BRFSS,Unhealthy Behaviors,4865000-48029170200,Obesity among adults aged >=18 Years,%,CrdPrv,Crude prevalence,40.2,,,39.1,41.2,"5,382","(29.421662366, -98.5208933685)",UNHBEH,OBESITY,4865000,48029170200,Obesity
2014,TX,Texas,San Antonio,Census Tract,BRFSS,Unhealthy Behaviors,4865000-48029170300,Obesity among adults aged >=18 Years,%,CrdPrv,Crude prevalence,40.5,,,39.3,41.6,"6,299","(29.4217785386, -98.5341926314)",UNHBEH,OBESITY,4865000,48029170300,Obesity
2014,TX,Texas,San Antonio,Census Tract,BRFSS,Unhealthy Behaviors,4865000-48029170401,Obesity among adults aged >=18 Years,%,CrdPrv,Crude prevalence,42.8,,,41.9,43.7,"4,634","(29.44094733, -98.53163931)",UNHBEH,OBESITY,4865000,48029170401,Obesity
2014,TX,Texas,San Antonio,Census Tract,BRFSS,Unhealthy Behaviors,4865000-48029170402,Obesity among adults aged >=18 Years,%,CrdPrv,Crude prevalence,40.4,,,39.2,41.5,"5,197","(29.4342883713, -98.5355357606)",UNHBEH,OBESITY,4865000,48029170402,Obesity
2014,TX,Texas,San Antonio,Census Tract,BRFSS,Unhealthy Behaviors,4865000-48029170500,Obesity among adults aged >=18 Years,%,CrdPrv,Crude prevalence,36.1,,,34.8,37.3,"4,585","(29.4497215898, -98.5275060906)",UNHBEH,OBESITY,4865000,48029170500,Obesity
2014,TX,Texas,San Antonio,Census Tract,BRFSS,Unhealthy Behaviors,4865000-48029170600,Obesity among adults aged >=18 Years,%,CrdPrv,Crude prevalence,37.9,,,36.5,39.1,"4,628","(29.4519547972, -98.5500507436)",UNHBEH,OBESITY,4865000,48029170600,Obesity
2014,TX,Texas,San Antonio,Census Tract,BRFSS,Unhealthy Behaviors,4865000-48029170700,Obesity among adults aged >=18 Years,%,CrdPrv,Crude prevalence,40.3,,,39.2,41.2,"4,870","(29.4432733713, -98.5507620046)",UNHBEH,OBESITY,4865000,48029170700,Obesity
2014,TX,Texas,San Antonio,Census Tract,BRFSS,Unhealthy Behaviors,4865000-48029170800,Obesity among adults aged >=18 Years,%,CrdPrv,Crude prevalence,44.7,,,44.0,45.5,"1,568","(29.4342681593, -98.5477902506)",UNHBEH,OBESITY,4865000,48029170800,Obesity
2014,TX,Texas,San Antonio,Census Tract,BRFSS,Unhealthy Behaviors,4865000-48029170900,Obesity among adults aged >=18 Years,%,CrdPrv,Crude prevalence,39.3,,,38.3,40.2,"4,324","(29.4236312591, -98.5482353587)",UNHBEH,OBESITY,4865000,48029170900,Obesity
2014,TX,Texas,San Antonio,Census Tract,BRFSS,Unhealthy Behaviors,4865000-48029171000,Obesity among adults aged >=18 Years,%,CrdPrv,Crude prevalence,41.0,,,39.8,42.0,"5,472","(29.4231641716, -98.5596063792)",UNHBEH,OBESITY,4865000,48029171000,Obesity
2014,TX,Texas,San Antonio,Census Tract,BRFSS,Unhealthy Behaviors,4865000-48029171100,Obesity among adults aged >=18 Years,%,CrdPrv,Crude prevalence,39.6,,,38.4,40.7,"3,720","(29.4224604204, -98.5686159806)",UNHBEH,OBESITY,4865000,48029171100,Obesity
2014,TX,Texas,San Antonio,Census Tract,BRFSS,Unhealthy Behaviors,4865000-48029171200,Obesity among adults aged >=18 Years,%,CrdPrv,Crude prevalence,40.5,,,39.3,41.6,"4,384","(29.4364012781, -98.5656426939)",UNHBEH,OBESITY,4865000,48029171200,Obesity
2014,TX,Texas,San Antonio,Census Tract,BRFSS,Unhealthy Behaviors,4865000-48029171301,Obesity among adults aged >=18 Years,%,CrdPrv,Crude prevalence,38.6,,,37.4,39.7,"2,906","(29.4454139366, -98.567392637)",UNHBEH,OBESITY,4865000,48029171301,Obesity
2014,TX,Texas,San Antonio,Census Tract,BRFSS,Unhealthy Behaviors,4865000-48029171302,Obesity among adults aged >=18 Years,%,CrdPrv,Crude prevalence,31.8,,,30.5,33.0,"5,019","(29.4537274881, -98.5705466158)",UNHBEH,OBESITY,4865000,48029171302,Obesity
2014,TX,Texas,San Antonio,Census Tract,BRFSS,Unhealthy Behaviors,4865000-48029171401,Obesity among adults aged >=18 Years,%,CrdPrv,Crude prevalence,39.3,,,38.1,40.3,"4,284","(29.4412940233, -98.5947362587)",UNHBEH,OBESITY,4865000,48029171401,Obesity
2014,TX,Texas,San Antonio,Census Tract,BRFSS,Unhealthy Behaviors,4865000-48029171402,Obesity among adults aged >=18 Years,%,CrdPrv,Crude prevalence,37.7,,,36.9,38.5,"5,433","(29.4425398642, -98.5819502128)",UNHBEH,OBESITY,4865000,48029171402,Obesity
2014,TX,Texas,San Antonio,Census Tract,BRFSS,Unhealthy Behaviors,4865000-48029171501,Obesity among adults aged >=18 Years,%,CrdPrv,Crude prevalence,40.9,,,39.6,42.0,"2,846","(29.4156576851, -98.581289781)",UNHBEH,OBESITY,4865000,48029171501,Obesity
2014,TX,Texas,San Antonio,Census Tract,BRFSS,Unhealthy Behaviors,4865000-48029171502,Obesity among adults aged >=18 Years,%,CrdPrv,Crude prevalence,39.0,,,37.8,40.0,"4,831","(29.4271258947, -98.5800478717)",UNHBEH,OBESITY,4865000,48029171502,Obesity
2014,TX,Texas,San Antonio,Census Tract,BRFSS,Unhealthy Behaviors,4865000-48029171601,Obesity among adults aged >=18 Years,%,CrdPrv,Crude prevalence,39.0,,,37.6,40.1,"4,462","(29.4174728291, -98.6179734983)",UNHBEH,OBESITY,4865000,48029171601,Obesity
2014,TX,Texas,San Antonio,Census Tract,BRFSS,Unhealthy Behaviors,4865000-48029171602,Obesity among adults aged >=18 Years,%,CrdPrv,Crude prevalence,39.7,,,38.8,40.5,"3,135","(29.4222416621, -98.602307395)",UNHBEH,OBESITY,4865000,48029171602,Obesity
2014,TX,Texas,San Antonio,Census Tract,BRFSS,Unhealthy Behaviors,4865000-48029171700,Obesity among adults aged >=18 Years,%,CrdPrv,Crude prevalence,36.4,,,35.3,37.3,"7,520","(29.4355844772, -98.6272615695)",UNHBEH,OBESITY,4865000,48029171700,Obesity
2014,TX,Texas,San Antonio,Census Tract,BRFSS,Unhealthy Behaviors,4865000-48029171801,Obesity among adults aged >=18 Years,%,CrdPrv,Crude prevalence,37.3,,,36.2,38.3,"5,443","(29.413116509, -98.6393739879)",UNHBEH,OBESITY,4865000,48029171801,Obesity
2014,TX,Texas,San Antonio,Census Tract,BRFSS,Unhealthy Behaviors,4865000-48029171802,Obesity among adults aged >=18 Years,%,CrdPrv,Crude prevalence,38.6,,,37.6,39.4,"6,328","(29.4054684215, -98.6359596899)",UNHBEH,OBESITY,4865000,48029171802,Obesity
2014,TX,Texas,San Antonio,Census Tract,BRFSS,Unhealthy Behaviors,4865000-48029171902,Obesity among adults aged >=18 Years,%,CrdPrv,Crude prevalence,32.9,,,31.9,33.7,"9,551","(29.4358562656, -98.6533753218)",UNHBEH,OBESITY,4865000,48029171902,Obesity
2014,TX,Texas,San Antonio,Census Tract,BRFSS,Unhealthy Behaviors,4865000-48029171903,Obesity among adults aged >=18 Years,%,CrdPrv,Crude prevalence,33.5,,,32.2,34.4,"6,626","(29.4065711666, -98.6562223024)",UNHBEH,OBESITY,4865000,48029171903,Obesity
2014,TX,Texas,San Antonio,Census Tract,BRFSS,Unhealthy Behaviors,4865000-48029171912,Obesity among adults aged >=18 Years,%,CrdPrv,Crude prevalence,28.2,,,26.9,29.5,"6,197","(29.4799041406, -98.6872547814)",UNHBEH,OBESITY,4865000,48029171912,Obesity
2014,TX,Texas,San Antonio,Census Tract,BRFSS,Unhealthy Behaviors,4865000-48029171913,Obesity among adults aged >=18 Years,%,CrdPrv,Crude prevalence,34.9,,,33.6,36.2,"5,322","(29.4237380018, -98.6717674384)",UNHBEH,OBESITY,4865000,48029171913,Obesity
2014,TX,Texas,San Antonio,Census Tract,BRFSS,Unhealthy Behaviors,4865000-48029171914,Obesity among adults aged >=18 Years,%,CrdPrv,Crude prevalence,33.0,,,31.8,34.1,"5,368","(29.4334404796, -98.6789476247)",UNHBEH,OBESITY,4865000,48029171914,Obesity
2014,TX,Texas,San Antonio,Census Tract,BRFSS,Unhealthy Behaviors,4865000-48029171915,Obesity among adults aged >=18 Years,%,CrdPrv,Crude prevalence,31.9,,,30.8,33.0,"2,284","(29.4230862064, -98.6836636776)",UNHBEH,OBESITY,4865000,48029171915,Obesity
2014,TX,Texas,San Antonio,Census Tract,BRFSS,Unhealthy Behaviors,4865000-48029171916,Obesity among adults aged >=18 Years,%,CrdPrv,Crude prevalence,30.9,,,29.7,32.0,"4,417","(29.4292554095, -98.6983625829)",UNHBEH,OBESITY,4865000,48029171916,Obesity
2014,TX,Texas,San Antonio,Census Tract,BRFSS,Unhealthy Behaviors,4865000-48029171917,Obesity among adults aged >=18 Years,%,CrdPrv,Crude prevalence,28.8,,,27.6,29.9,"8,439","(29.4417609829, -98.6997023897)",UNHBEH,OBESITY,4865000,48029171917,Obesity
2014,TX,Texas,San Antonio,Census Tract,BRFSS,Unhealthy Behaviors,4865000-48029171918,Obesity among adults aged >=18 Years,%,CrdPrv,Crude prevalence,28.8,,,27.6,29.8,"5,185","(29.4573217357, -98.6960181699)",UNHBEH,OBESITY,4865000,48029171918,Obesity
2014,TX,Texas,San Antonio,Census Tract,BRFSS,Unhealthy Behaviors,4865000-48029171919,Obesity among adults aged >=18 Years,%,CrdPrv,Crude prevalence,33.6,,,32.2,34.9,277,"(29.3870235232, -98.6817147652)",UNHBEH,OBESITY,4865000,48029171919,Obesity
2014,TX,Texas,San Antonio,Census Tract,BRFSS,Unhealthy Behaviors,4865000-48029171920,Obesity among adults aged >=18 Years,%,CrdPrv,Crude prevalence,32.2,,,31.0,33.1,"3,256","(29.4073315668, -98.6690066309)",UNHBEH,OBESITY,4865000,48029171920,Obesity
2014,TX,Texas,San Antonio,Census Tract,BRFSS,Unhealthy Behaviors,4865000-48029171922,Obesity among adults aged >=18 Years,%,CrdPrv,Crude prevalence,32.9,,,31.5,34.0,100,"(29.4119823669, -98.6780468871)",UNHBEH,OBESITY,4865000,48029171922,Obesity
2014,TX,Texas,San Antonio,Census Tract,BRFSS,Unhealthy Behaviors,4865000-48029171923,Obesity among adults aged >=18 Years,%,CrdPrv,Crude prevalence,30.2,,,29.2,31.2,"7,442","(29.4550128405, -98.6510141977)",UNHBEH,OBESITY,4865000,48029171923,Obesity
2014,TX,Texas,San Antonio,Census Tract,BRFSS,Unhealthy Behaviors,4865000-48029171924,Obesity among adults aged >=18 Years,%,CrdPrv,Crude prevalence,27.5,,,26.4,28.6,"4,301","(29.455634833, -98.6762004183)",UNHBEH,OBESITY,4865000,48029171924,Obesity
2014,TX,Texas,San Antonio,Census Tract,BRFSS,Unhealthy Behaviors,4865000-48029171925,Obesity among adults aged >=18 Years,%,CrdPrv,Crude prevalence,29.2,,,28.1,30.3,"9,244","(29.4690951534, -98.6620143832)",UNHBEH,OBESITY,4865000,48029171925,Obesity
2014,TX,Texas,San Antonio,Census Tract,BRFSS,Unhealthy Behaviors,4865000-48029172002,Obesity among adults aged >=18 Years,%,CrdPrv,Crude prevalence,,*,Estimates suppressed for population less than 50,,,5,"(29.410627123, -98.7124693181)",UNHBEH,OBESITY,4865000,48029172002,Obesity
2014,TX,Texas,San Antonio,Census Tract,BRFSS,Unhealthy Behaviors,4865000-48029172003,Obesity among adults aged >=18 Years,%,CrdPrv,Crude prevalence,,*,Estimates suppressed for population less than 50,,,13,"(29.4388733729, -98.7128009879)",UNHBEH,OBESITY,4865000,48029172003,Obesity
2014,TX,Texas,San Antonio,Census Tract,BRFSS,Unhealthy Behaviors,4865000-48029172005,Obesity among adults aged >=18 Years,%,CrdPrv,Crude prevalence,,*,Estimates suppressed for population less than 50,,,11,"(29.4918389169, -98.713033089)",UNHBEH,OBESITY,4865000,48029172005,Obesity
2014,TX,Texas,San Antonio,Census Tract,BRFSS,Unhealthy Behaviors,4865000-48029172007,Obesity among adults aged >=18 Years,%,CrdPrv,Crude prevalence,27.9,,,26.6,29.2,540,"(29.4694114065, -98.7163927198)",UNHBEH,OBESITY,4865000,48029172007,Obesity
2014,TX,Texas,San Antonio,Census Tract,BRFSS,Unhealthy Behaviors,4865000-48029180101,Obesity among adults aged >=18 Years,%,CrdPrv,Crude prevalence,32.3,,,31.2,33.4,"5,023","(29.4593322178, -98.5365961315)",UNHBEH,OBESITY,4865000,48029180101,Obesity
2014,TX,Texas,San Antonio,Census Tract,BRFSS,Unhealthy Behaviors,4865000-48029180102,Obesity among adults aged >=18 Years,%,CrdPrv,Crude prevalence,32.1,,,31.1,33.2,"1,875","(29.4657093942, -98.5367807636)",UNHBEH,OBESITY,4865000,48029180102,Obesity
2014,TX,Texas,San Antonio,Census Tract,BRFSS,Unhealthy Behaviors,4865000-48029180201,Obesity among adults aged >=18 Years,%,CrdPrv,Crude prevalence,38.3,,,37.0,39.6,"5,040","(29.4778082912, -98.5329442127)",UNHBEH,OBESITY,4865000,48029180201,Obesity
2014,TX,Texas,San Antonio,Census Tract,BRFSS,Unhealthy Behaviors,4865000-48029180202,Obesity among adults aged >=18 Years,%,CrdPrv,Crude prevalence,34.4,,,33.2,35.4,"5,359","(29.4742577793, -98.5421230558)",UNHBEH,OBESITY,4865000,48029180202,Obesity
2014,TX,Texas,San Antonio,Census Tract,BRFSS,Unhealthy Behaviors,4865000-48029180300,Obesity among adults aged >=18 Years,%,CrdPrv,Crude prevalence,37.5,,,36.1,38.7,"4,462","(29.466759096, -98.5575130018)",UNHBEH,OBESITY,4865000,48029180300,Obesity
2014,TX,Texas,San Antonio,Census Tract,BRFSS,Unhealthy Behaviors,4865000-48029180400,Obesity among adults aged >=18 Years,%,CrdPrv,Crude prevalence,35.8,,,34.5,37.0,"4,296","(29.4626758629, -98.5708716087)",UNHBEH,OBESITY,4865000,48029180400,Obesity
2014,TX,Texas,San Antonio,Census Tract,BRFSS,Unhealthy Behaviors,4865000-48029180501,Obesity among adults aged >=18 Years,%,CrdPrv,Crude prevalence,36.5,,,35.1,37.7,"4,536","(29.4702078096, -98.5896328102)",UNHBEH,OBESITY,4865000,48029180501,Obesity
2014,TX,Texas,San Antonio,Census Tract,BRFSS,Unhealthy Behaviors,4865000-48029180503,Obesity among adults aged >=18 Years,%,CrdPrv,Crude prevalence,34.9,,,33.8,36.0,"4,416","(29.4602851914, -98.5926505609)",UNHBEH,OBESITY,4865000,48029180503,Obesity
2014,TX,Texas,San Antonio,Census Tract,BRFSS,Unhealthy Behaviors,4865000-48029180504,Obesity among adults aged >=18 Years,%,CrdPrv,Crude prevalence,40.7,,,39.5,41.8,"4,491","(29.4522950552, -98.5919003589)",UNHBEH,OBESITY,4865000,48029180504,Obesity
2014,TX,Texas,San Antonio,Census Tract,BRFSS,Unhealthy Behaviors,4865000-48029180602,Obesity among adults aged >=18 Years,%,CrdPrv,Crude prevalence,31.1,,,30.0,32.1,"3,155","(29.4777796137, -98.5562676089)",UNHBEH,OBESITY,4865000,48029180602,Obesity
2014,TX,Texas,San Antonio,Census Tract,BRFSS,Unhealthy Behaviors,4865000-48029180603,Obesity among adults aged >=18 Years,%,CrdPrv,Crude prevalence,34.3,,,33.2,35.2,"1,946","(29.4848996782, -98.5838635885)",UNHBEH,OBESITY,4865000,48029180603,Obesity
2014,TX,Texas,San Antonio,Census Tract,BRFSS,Unhealthy Behaviors,4865000-48029180604,Obesity among adults aged >=18 Years,%,CrdPrv,Crude prevalence,32.5,,,31.5,33.5,"5,466","(29.4812227173, -98.570708223)",UNHBEH,OBESITY,4865000,48029180604,Obesity
2014,TX,Texas,San Antonio,Census Tract,BRFSS,Unhealthy Behaviors,4865000-48029180701,Obesity among adults aged >=18 Years,%,CrdPrv,Crude prevalence,26.1,,,25.0,27.2,"3,982","(29.4988121959, -98.565957767)",UNHBEH,OBESITY,4865000,48029180701,Obesity
2014,TX,Texas,San Antonio,Census Tract,BRFSS,Unhealthy Behaviors,4865000-48029180702,Obesity among adults aged >=18 Years,%,CrdPrv,Crude prevalence,31.0,,,30.1,31.9,"6,576","(29.4936302583, -98.5844475405)",UNHBEH,OBESITY,4865000,48029180702,Obesity
2014,TX,Texas,San Antonio,Census Tract,BRFSS,Unhealthy Behaviors,4865000-48029180901,Obesity among adults aged >=18 Years,%,CrdPrv,Crude prevalence,33.7,,,32.4,34.9,"5,181","(29.4970058441, -98.5401374525)",UNHBEH,OBESITY,4865000,48029180901,Obesity
2014,TX,Texas,San Antonio,Census Tract,BRFSS,Unhealthy Behaviors,4865000-48029180902,Obesity among adults aged >=18 Years,%,CrdPrv,Crude prevalence,34.4,,,33.2,35.5,"7,968","(29.4990426056, -98.5302996701)",UNHBEH,OBESITY,4865000,48029180902,Obesity
2014,TX,Texas,San Antonio,Census Tract,BRFSS,Unhealthy Behaviors,4865000-48029181001,Obesity among adults aged >=18 Years,%,CrdPrv,Crude prevalence,32.9,,,31.6,34.1,"3,272","(29.5138911798, -98.5416983622)",UNHBEH,OBESITY,4865000,48029181001,Obesity
2014,TX,Texas,San Antonio,Census Tract,BRFSS,Unhealthy Behaviors,4865000-48029181003,Obesity among adults aged >=18 Years,%,CrdPrv,Crude prevalence,30.1,,,28.9,31.3,"6,296","(29.5219141771, -98.5648013802)",UNHBEH,OBESITY,4865000,48029181003,Obesity
2014,TX,Texas,San Antonio,Census Tract,BRFSS,Unhealthy Behaviors,4865000-48029181004,Obesity among adults aged >=18 Years,%,CrdPrv,Crude prevalence,26.0,,,24.7,27.4,"4,813","(29.5127722909, -98.5597739936)",UNHBEH,OBESITY,4865000,48029181004,Obesity
2014,TX,Texas,San Antonio,Census Tract,BRFSS,Unhealthy Behaviors,4865000-48029181005,Obesity among adults aged >=18 Years,%,CrdPrv,Crude prevalence,36.6,,,35.3,37.7,"3,799","(29.5023812795, -98.554084036)",UNHBEH,OBESITY,4865000,48029181005,Obesity
2014,TX,Texas,San Antonio,Census Tract,BRFSS,Unhealthy Behaviors,4865000-48029181100,Obesity among adults aged >=18 Years,%,CrdPrv,Crude prevalence,28.3,,,27.4,29.1,"5,665","(29.5269346353, -98.5502791231)",UNHBEH,OBESITY,4865000,48029181100,Obesity
2014,TX,Texas,San Antonio,Census Tract,BRFSS,Unhealthy Behaviors,4865000-48029181200,Obesity among adults aged >=18 Years,%,CrdPrv,Crude prevalence,25.6,,,24.5,26.8,"4,803","(29.5367969616, -98.5392171275)",UNHBEH,OBESITY,4865000,48029181200,Obesity
2014,TX,Texas,San Antonio,Census Tract,BRFSS,Unhealthy Behaviors,4865000-48029181301,Obesity among adults aged >=18 Years,%,CrdPrv,Crude prevalence,25.8,,,24.9,26.7,"4,191","(29.5481942876, -98.5599515919)",UNHBEH,OBESITY,4865000,48029181301,Obesity
2014,TX,Texas,San Antonio,Census Tract,BRFSS,Unhealthy Behaviors,4865000-48029181302,Obesity among adults aged >=18 Years,%,CrdPrv,Crude prevalence,26.8,,,25.9,27.7,"6,188","(29.541797116, -98.5657884386)",UNHBEH,OBESITY,4865000,48029181302,Obesity
2014,TX,Texas,San Antonio,Census Tract,BRFSS,Unhealthy Behaviors,4865000-48029181303,Obesity among adults aged >=18 Years,%,CrdPrv,Crude prevalence,32.8,,,31.8,33.7,"3,565","(29.5327948297, -98.5720174931)",UNHBEH,OBESITY,4865000,48029181303,Obesity
2014,TX,Texas,San Antonio,Census Tract,BRFSS,Unhealthy Behaviors,4865000-48029181402,Obesity among adults aged >=18 Years,%,CrdPrv,Crude prevalence,28.3,,,27.2,29.5,"1,995","(29.5122456058, -98.5803118105)",UNHBEH,OBESITY,4865000,48029181402,Obesity
2014,TX,Texas,San Antonio,Census Tract,BRFSS,Unhealthy Behaviors,4865000-48029181403,Obesity among adults aged >=18 Years,%,CrdPrv,Crude prevalence,27.8,,,27.0,28.6,"5,635","(29.5257754943, -98.579716398)",UNHBEH,OBESITY,4865000,48029181403,Obesity
2014,TX,Texas,San Antonio,Census Tract,BRFSS,Unhealthy Behaviors,4865000-48029181404,Obesity among adults aged >=18 Years,%,CrdPrv,Crude prevalence,20.0,,,19.3,20.7,"4,550","(29.5286424399, -98.5882048018)",UNHBEH,OBESITY,4865000,48029181404,Obesity
2014,TX,Texas,San Antonio,Census Tract,BRFSS,Unhealthy Behaviors,4865000-48029181503,Obesity among adults aged >=18 Years,%,CrdPrv,Crude prevalence,26.8,,,25.6,28.0,"6,035","(29.5130820453, -98.6025821619)",UNHBEH,OBESITY,4865000,48029181503,Obesity
2014,TX,Texas,San Antonio,Census Tract,BRFSS,Unhealthy Behaviors,4865000-48029181504,Obesity among adults aged >=18 Years,%,CrdPrv,Crude prevalence,27.4,,,26.4,28.3,"5,796","(29.5054789434, -98.5935314663)",UNHBEH,OBESITY,4865000,48029181504,Obesity
2014,TX,Texas,San Antonio,Census Tract,BRFSS,Unhealthy Behaviors,4865000-48029181505,Obesity among adults aged >=18 Years,%,CrdPrv,Crude prevalence,26.8,,,25.7,27.9,"1,267","(29.496237833, -98.5977925106)",UNHBEH,OBESITY,4865000,48029181505,Obesity
2014,TX,Texas,San Antonio,Census Tract,BRFSS,Unhealthy Behaviors,4865000-48029181506,Obesity among adults aged >=18 Years,%,CrdPrv,Crude prevalence,29.1,,,27.7,30.3,"1,067","(29.4854407074, -98.598704238)",UNHBEH,OBESITY,4865000,48029181506,Obesity
2014,TX,Texas,San Antonio,Census Tract,BRFSS,Unhealthy Behaviors,4865000-48029181601,Obesity among adults aged >=18 Years,%,CrdPrv,Crude prevalence,33.0,,,31.9,34.0,"3,001","(29.473278974, -98.6055942381)",UNHBEH,OBESITY,4865000,48029181601,Obesity
2014,TX,Texas,San Antonio,Census Tract,BRFSS,Unhealthy Behaviors,4865000-48029181602,Obesity among adults aged >=18 Years,%,CrdPrv,Crude prevalence,36.0,,,34.8,37.1,"5,575","(29.4579251522, -98.6140372685)",UNHBEH,OBESITY,4865000,48029181602,Obesity
2014,TX,Texas,San Antonio,Census Tract,BRFSS,Unhealthy Behaviors,4865000-48029181703,Obesity among adults aged >=18 Years,%,CrdPrv,Crude prevalence,26.6,,,25.5,27.7,"6,952","(29.5274501685, -98.6514036123)",UNHBEH,OBESITY,4865000,48029181703,Obesity
2014,TX,Texas,San Antonio,Census Tract,BRFSS,Unhealthy Behaviors,4865000-48029181704,Obesity among adults aged >=18 Years,%,CrdPrv,Crude prevalence,30.3,,,29.4,31.2,"4,481","(29.5018409872, -98.6362059742)",UNHBEH,OBESITY,4865000,48029181704,Obesity
2014,TX,Texas,San Antonio,Census Tract,BRFSS,Unhealthy Behaviors,4865000-48029181705,Obesity among adults aged >=18 Years,%,CrdPrv,Crude prevalence,29.3,,,28.2,30.4,"3,368","(29.4764320931, -98.6177125775)",UNHBEH,OBESITY,4865000,48029181705,Obesity
2014,TX,Texas,San Antonio,Census Tract,BRFSS,Unhealthy Behaviors,4865000-48029181711,Obesity among adults aged >=18 Years,%,CrdPrv,Crude prevalence,28.4,,,27.2,29.4,"7,741","(29.5093025955, -98.6526996662)",UNHBEH,OBESITY,4865000,48029181711,Obesity
2014,TX,Texas,San Antonio,Census Tract,BRFSS,Unhealthy Behaviors,4865000-48029181712,Obesity among adults aged >=18 Years,%,CrdPrv,Crude prevalence,28.8,,,27.6,29.8,"3,821","(29.4929997106, -98.6596090601)",UNHBEH,OBESITY,4865000,48029181712,Obesity
2014,TX,Texas,San Antonio,Census Tract,BRFSS,Unhealthy Behaviors,4865000-48029181713,Obesity among adults aged >=18 Years,%,CrdPrv,Crude prevalence,30.4,,,29.2,31.6,"7,319","(29.4870382013, -98.6477558083)",UNHBEH,OBESITY,4865000,48029181713,Obesity
2014,TX,Texas,San Antonio,Census Tract,BRFSS,Unhealthy Behaviors,4865000-48029181715,Obesity among adults aged >=18 Years,%,CrdPrv,Crude prevalence,31.2,,,29.9,32.2,"6,379","(29.4994277596, -98.6859052658)",UNHBEH,OBESITY,4865000,48029181715,Obesity
2014,TX,Texas,San Antonio,Census Tract,BRFSS,Unhealthy Behaviors,4865000-48029181716,Obesity among adults aged >=18 Years,%,CrdPrv,Crude prevalence,30.7,,,29.5,31.7,"7,342","(29.5070513057, -98.6929845791)",UNHBEH,OBESITY,4865000,48029181716,Obesity
2014,TX,Texas,San Antonio,Census Tract,BRFSS,Unhealthy Behaviors,4865000-48029181718,Obesity among adults aged >=18 Years,%,CrdPrv,Crude prevalence,28.1,,,26.9,29.2,"5,208","(29.5278207034, -98.6716387987)",UNHBEH,OBESITY,4865000,48029181718,Obesity
2014,TX,Texas,San Antonio,Census Tract,BRFSS,Unhealthy Behaviors,4865000-48029181720,Obesity among adults aged >=18 Years,%,CrdPrv,Crude prevalence,26.0,,,25.0,27.2,"4,420","(29.5394199425, -98.6633759106)",UNHBEH,OBESITY,4865000,48029181720,Obesity
2014,TX,Texas,San Antonio,Census Tract,BRFSS,Unhealthy Behaviors,4865000-48029181721,Obesity among adults aged >=18 Years,%,CrdPrv,Crude prevalence,29.0,,,27.8,30.1,"3,508","(29.5415787764, -98.6728035993)",UNHBEH,OBESITY,4865000,48029181721,Obesity
2014,TX,Texas,San Antonio,Census Tract,BRFSS,Unhealthy Behaviors,4865000-48029181722,Obesity among adults aged >=18 Years,%,CrdPrv,Crude prevalence,28.3,,,27.2,29.4,"4,540","(29.5134446236, -98.6725579722)",UNHBEH,OBESITY,4865000,48029181722,Obesity
2014,TX,Texas,San Antonio,Census Tract,BRFSS,Unhealthy Behaviors,4865000-48029181723,Obesity among adults aged >=18 Years,%,CrdPrv,Crude prevalence,32.0,,,31.0,33.0,"4,591","(29.5212191435, -98.6784204609)",UNHBEH,OBESITY,4865000,48029181723,Obesity
2014,TX,Texas,San Antonio,Census Tract,BRFSS,Unhealthy Behaviors,4865000-48029181724,Obesity among adults aged >=18 Years,%,CrdPrv,Crude prevalence,26.6,,,25.4,27.7,"2,542","(29.5453806697, -98.6851091437)",UNHBEH,OBESITY,4865000,48029181724,Obesity
2014,TX,Texas,San Antonio,Census Tract,BRFSS,Unhealthy Behaviors,4865000-48029181725,Obesity among adults aged >=18 Years,%,CrdPrv,Crude prevalence,32.9,,,32.2,33.8,"5,411","(29.4669031157, -98.6308916676)",UNHBEH,OBESITY,4865000,48029181725,Obesity
2014,TX,Texas,San Antonio,Census Tract,BRFSS,Unhealthy Behaviors,4865000-48029181726,Obesity among adults aged >=18 Years,%,CrdPrv,Crude prevalence,,*,Estimates suppressed for population less than 50,,,40,"(29.526236793, -98.690162827)",UNHBEH,OBESITY,4865000,48029181726,Obesity
2014,TX,Texas,San Antonio,Census Tract,BRFSS,Unhealthy Behaviors,4865000-48029181727,Obesity among adults aged >=18 Years,%,CrdPrv,Crude prevalence,32.7,,,31.5,33.9,"3,168","(29.4718332775, -98.641593302)",UNHBEH,OBESITY,4865000,48029181727,Obesity
2014,TX,Texas,San Antonio,Census Tract,BRFSS,Unhealthy Behaviors,4865000-48029181728,Obesity among adults aged >=18 Years,%,CrdPrv,Crude prevalence,28.3,,,27.2,29.2,"2,266","(29.5033145803, -98.7095306352)",UNHBEH,OBESITY,4865000,48029181728,Obesity
2014,TX,Texas,San Antonio,Census Tract,BRFSS,Unhealthy Behaviors,4865000-48029181729,Obesity among adults aged >=18 Years,%,CrdPrv,Crude prevalence,,*,Estimates suppressed for population less than 50,,,33,"(29.5107871134, -98.7437741174)",UNHBEH,OBESITY,4865000,48029181729,Obesity
2014,TX,Texas,San Antonio,Census Tract,BRFSS,Unhealthy Behaviors,4865000-48029181730,Obesity among adults aged >=18 Years,%,CrdPrv,Crude prevalence,30.2,,,29.1,31.2,"3,987","(29.4928985063, -98.670312364)",UNHBEH,OBESITY,4865000,48029181730,Obesity
2014,TX,Texas,San Antonio,Census Tract,BRFSS,Unhealthy Behaviors,4865000-48029181731,Obesity among adults aged >=18 Years,%,CrdPrv,Crude prevalence,29.6,,,28.6,30.5,"7,203","(29.5026424305, -98.6726613968)",UNHBEH,OBESITY,4865000,48029181731,Obesity
2014,TX,Texas,San Antonio,Census Tract,BRFSS,Unhealthy Behaviors,4865000-48029181808,Obesity among adults aged >=18 Years,%,CrdPrv,Crude prevalence,30.9,,,29.7,32.0,"1,478","(29.5377352232, -98.5979600726)",UNHBEH,OBESITY,4865000,48029181808,Obesity
2014,TX,Texas,San Antonio,Census Tract,BRFSS,Unhealthy Behaviors,4865000-48029181809,Obesity among adults aged >=18 Years,%,CrdPrv,Crude prevalence,31.2,,,30.1,32.3,"6,362","(29.5502248681, -98.6239854406)",UNHBEH,OBESITY,4865000,48029181809,Obesity
2014,TX,Texas,San Antonio,Census Tract,BRFSS,Unhealthy Behaviors,4865000-48029181811,Obesity among adults aged >=18 Years,%,CrdPrv,Crude prevalence,27.2,,,26.1,28.2,"4,034","(29.5324054701, -98.6393740139)",UNHBEH,OBESITY,4865000,48029181811,Obesity
2014,TX,Texas,San Antonio,Census Tract,BRFSS,Unhealthy Behaviors,4865000-48029181813,Obesity among adults aged >=18 Years,%,CrdPrv,Crude prevalence,26.4,,,25.3,27.4,"6,011","(29.5567232663, -98.5799131578)",UNHBEH,OBESITY,4865000,48029181813,Obesity
2014,TX,Texas,San Antonio,Census Tract,BRFSS,Unhealthy Behaviors,4865000-48029181814,Obesity among adults aged >=18 Years,%,CrdPrv,Crude prevalence,24.6,,,23.5,25.7,"3,409","(29.5780798237, -98.5891604864)",UNHBEH,OBESITY,4865000,48029181814,Obesity
2014,TX,Texas,San Antonio,Census Tract,BRFSS,Unhealthy Behaviors,4865000-48029181815,Obesity among adults aged >=18 Years,%,CrdPrv,Crude prevalence,25.6,,,24.7,26.5,"2,973","(29.551254682, -98.5943597034)",UNHBEH,OBESITY,4865000,48029181815,Obesity
2014,TX,Texas,San Antonio,Census Tract,BRFSS,Unhealthy Behaviors,4865000-48029181816,Obesity among adults aged >=18 Years,%,CrdPrv,Crude prevalence,26.7,,,25.6,27.7,"4,237","(29.5554862481, -98.6079381937)",UNHBEH,OBESITY,4865000,48029181816,Obesity
2014,TX,Texas,San Antonio,Census Tract,BRFSS,Unhealthy Behaviors,4865000-48029181817,Obesity among adults aged >=18 Years,%,CrdPrv,Crude prevalence,25.7,,,24.6,26.7,"1,819","(29.5165688282, -98.6125440043)",UNHBEH,OBESITY,4865000,48029181817,Obesity
2014,TX,Texas,San Antonio,Census Tract,BRFSS,Unhealthy Behaviors,4865000-48029181818,Obesity among adults aged >=18 Years,%,CrdPrv,Crude prevalence,29.5,,,28.3,30.6,"4,701","(29.5287254472, -98.6105707633)",UNHBEH,OBESITY,4865000,48029181818,Obesity
2014,TX,Texas,San Antonio,Census Tract,BRFSS,Unhealthy Behaviors,4865000-48029181819,Obesity among adults aged >=18 Years,%,CrdPrv,Crude prevalence,26.1,,,24.9,27.2,"5,180","(29.5661163692, -98.609868834)",UNHBEH,OBESITY,4865000,48029181819,Obesity
2014,TX,Texas,San Antonio,Census Tract,BRFSS,Unhealthy Behaviors,4865000-48029181820,Obesity among adults aged >=18 Years,%,CrdPrv,Crude prevalence,23.7,,,21.7,25.3,"7,202","(29.579049829, -98.6150702306)",UNHBEH,OBESITY,4865000,48029181820,Obesity
2014,TX,Texas,San Antonio,Census Tract,BRFSS,Unhealthy Behaviors,4865000-48029181821,Obesity among adults aged >=18 Years,%,CrdPrv,Crude prevalence,25.0,,,23.9,26.0,"3,525","(29.5407125725, -98.623809028)",UNHBEH,OBESITY,4865000,48029181821,Obesity
2014,TX,Texas,San Antonio,Census Tract,BRFSS,Unhealthy Behaviors,4865000-48029181822,Obesity among adults aged >=18 Years,%,CrdPrv,Crude prevalence,27.1,,,26.0,28.1,"4,917","(29.5250503802, -98.6250842174)",UNHBEH,OBESITY,4865000,48029181822,Obesity
2014,TX,Texas,San Antonio,Census Tract,BRFSS,Unhealthy Behaviors,4865000-48029181823,Obesity among adults aged >=18 Years,%,CrdPrv,Crude prevalence,25.6,,,24.3,26.9,"2,495","(29.5772471047, -98.6388208517)",UNHBEH,OBESITY,4865000,48029181823,Obesity
2014,TX,Texas,San Antonio,Census Tract,BRFSS,Unhealthy Behaviors,4865000-48029181824,Obesity among adults aged >=18 Years,%,CrdPrv,Crude prevalence,27.2,,,26.1,28.2,"5,060","(29.5653482294, -98.6411643724)",UNHBEH,OBESITY,4865000,48029181824,Obesity
2014,TX,Texas,San Antonio,Census Tract,BRFSS,Unhealthy Behaviors,4865000-48029181825,Obesity among adults aged >=18 Years,%,CrdPrv,Crude prevalence,25.5,,,24.3,26.7,"3,042","(29.5531884175, -98.6549015766)",UNHBEH,OBESITY,4865000,48029181825,Obesity
2014,TX,Texas,San Antonio,Census Tract,BRFSS,Unhealthy Behaviors,4865000-48029181826,Obesity among adults aged >=18 Years,%,CrdPrv,Crude prevalence,26.3,,,25.3,27.4,"6,043","(29.5528322698, -98.638676843)",UNHBEH,OBESITY,4865000,48029181826,Obesity
2014,TX,Texas,San Antonio,Census Tract,BRFSS,Unhealthy Behaviors,4865000-48029181901,Obesity among adults aged >=18 Years,%,CrdPrv,Crude prevalence,24.0,,,22.9,25.2,"3,452","(29.6020328114, -98.6148430928)",UNHBEH,OBESITY,4865000,48029181901,Obesity
2014,TX,Texas,San Antonio,Census Tract,BRFSS,Unhealthy Behaviors,4865000-48029181902,Obesity among adults aged >=18 Years,%,CrdPrv,Crude prevalence,25.6,,,24.3,26.9,"2,875","(29.6337355219, -98.628194314)",UNHBEH,OBESITY,4865000,48029181902,Obesity
2014,TX,Texas,San Antonio,Census Tract,BRFSS,Unhealthy Behaviors,4865000-48029182001,Obesity among adults aged >=18 Years,%,CrdPrv,Crude prevalence,24.8,,,23.7,25.8,"3,122","(29.56982841, -98.6576824193)",UNHBEH,OBESITY,4865000,48029182001,Obesity
2014,TX,Texas,San Antonio,Census Tract,BRFSS,Unhealthy Behaviors,4865000-48029182002,Obesity among adults aged >=18 Years,%,CrdPrv,Crude prevalence,24.9,,,23.8,26.2,"5,164","(29.5958184694, -98.664391795)",UNHBEH,OBESITY,4865000,48029182002,Obesity
2014,TX,Texas,San Antonio,Census Tract,BRFSS,Unhealthy Behaviors,4865000-48029182003,Obesity among adults aged >=18 Years,%,CrdPrv,Crude prevalence,23.9,,,22.8,25.0,"2,403","(29.5931586396, -98.6404670313)",UNHBEH,OBESITY,4865000,48029182003,Obesity
2014,TX,Texas,San Antonio,Census Tract,BRFSS,Unhealthy Behaviors,4865000-48029182102,Obesity among adults aged >=18 Years,%,CrdPrv,Crude prevalence,25.0,,,23.8,26.4,"1,684","(29.6709945854, -98.6391913637)",UNHBEH,OBESITY,4865000,48029182102,Obesity
2014,TX,Texas,San Antonio,Census Tract,BRFSS,Unhealthy Behaviors,4865000-48029182105,Obesity among adults aged >=18 Years,%,CrdPrv,Crude prevalence,,*,Estimates suppressed for population less than 50,,,2,"(29.560022283, -98.794060809)",UNHBEH,OBESITY,4865000,48029182105,Obesity
2014,TX,Texas,San Antonio,Census Tract,BRFSS,Unhealthy Behaviors,4865000-48029190100,Obesity among adults aged >=18 Years,%,CrdPrv,Crude prevalence,36.3,,,35.3,37.2,"3,755","(29.4481233501, -98.5070914277)",UNHBEH,OBESITY,4865000,48029190100,Obesity
2014,TX,Texas,San Antonio,Census Tract,BRFSS,Unhealthy Behaviors,4865000-48029190200,Obesity among adults aged >=18 Years,%,CrdPrv,Crude prevalence,28.8,,,27.7,29.8,"4,375","(29.4525382607, -98.489807537)",UNHBEH,OBESITY,4865000,48029190200,Obesity
2014,TX,Texas,San Antonio,Census Tract,BRFSS,Unhealthy Behaviors,4865000-48029190400,Obesity among adults aged >=18 Years,%,CrdPrv,Crude prevalence,20.3,,,19.0,21.4,"4,021","(29.4630701335, -98.4894507323)",UNHBEH,OBESITY,4865000,48029190400,Obesity
2014,TX,Texas,San Antonio,Census Tract,BRFSS,Unhealthy Behaviors,4865000-48029190501,Obesity among adults aged >=18 Years,%,CrdPrv,Crude prevalence,32.4,,,31.0,33.7,"2,878","(29.4601408055, -98.5199435982)",UNHBEH,OBESITY,4865000,48029190501,Obesity
2014,TX,Texas,San Antonio,Census Tract,BRFSS,Unhealthy Behaviors,4865000-48029190503,Obesity among adults aged >=18 Years,%,CrdPrv,Crude prevalence,34.0,,,32.7,35.3,"3,459","(29.4596715647, -98.5035886288)",UNHBEH,OBESITY,4865000,48029190503,Obesity
2014,TX,Texas,San Antonio,Census Tract,BRFSS,Unhealthy Behaviors,4865000-48029190504,Obesity among adults aged >=18 Years,%,CrdPrv,Crude prevalence,34.9,,,33.6,36.1,"2,881","(29.4597561544, -98.5118768057)",UNHBEH,OBESITY,4865000,48029190504,Obesity
2014,TX,Texas,San Antonio,Census Tract,BRFSS,Unhealthy Behaviors,4865000-48029190601,Obesity among adults aged >=18 Years,%,CrdPrv,Crude prevalence,35.6,,,34.3,36.8,"3,768","(29.4721189867, -98.5216808978)",UNHBEH,OBESITY,4865000,48029190601,Obesity
2014,TX,Texas,San Antonio,Census Tract,BRFSS,Unhealthy Behaviors,4865000-48029190603,Obesity among adults aged >=18 Years,%,CrdPrv,Crude prevalence,36.2,,,34.9,37.4,"2,946","(29.4734311771, -98.5035897807)",UNHBEH,OBESITY,4865000,48029190603,Obesity
2014,TX,Texas,San Antonio,Census Tract,BRFSS,Unhealthy Behaviors,4865000-48029190604,Obesity among adults aged >=18 Years,%,CrdPrv,Crude prevalence,37.2,,,35.8,38.4,"4,438","(29.4746213549, -98.5135765693)",UNHBEH,OBESITY,4865000,48029190604,Obesity
2014,TX,Texas,San Antonio,Census Tract,BRFSS,Unhealthy Behaviors,4865000-48029190700,Obesity among adults aged >=18 Years,%,CrdPrv,Crude prevalence,33.0,,,31.7,34.2,"3,060","(29.477463084, -98.4955936813)",UNHBEH,OBESITY,4865000,48029190700,Obesity
2014,TX,Texas,San Antonio,Census Tract,BRFSS,Unhealthy Behaviors,4865000-48029190901,Obesity among adults aged >=18 Years,%,CrdPrv,Crude prevalence,33.0,,,31.9,34.1,"5,322","(29.5060036458, -98.4982958283)",UNHBEH,OBESITY,4865000,48029190901,Obesity
2014,TX,Texas,San Antonio,Census Tract,BRFSS,Unhealthy Behaviors,4865000-48029190902,Obesity among adults aged >=18 Years,%,CrdPrv,Crude prevalence,32.0,,,30.8,33.1,"3,783","(29.4961356203, -98.4853869667)",UNHBEH,OBESITY,4865000,48029190902,Obesity
2014,TX,Texas,San Antonio,Census Tract,BRFSS,Unhealthy Behaviors,4865000-48029191003,Obesity among adults aged >=18 Years,%,CrdPrv,Crude prevalence,34.3,,,33.1,35.4,"7,762","(29.5018237536, -98.5199757776)",UNHBEH,OBESITY,4865000,48029191003,Obesity
2014,TX,Texas,San Antonio,Census Tract,BRFSS,Unhealthy Behaviors,4865000-48029191004,Obesity among adults aged >=18 Years,%,CrdPrv,Crude prevalence,37.8,,,36.8,38.8,"3,730","(29.496147805, -98.5066124548)",UNHBEH,OBESITY,4865000,48029191004,Obesity
2014,TX,Texas,San Antonio,Census Tract,BRFSS,Unhealthy Behaviors,4865000-48029191005,Obesity among adults aged >=18 Years,%,CrdPrv,Crude prevalence,38.2,,,37.0,39.3,"2,272","(29.4853883556, -98.5040057391)",UNHBEH,OBESITY,4865000,48029191005,Obesity
2014,TX,Texas,San Antonio,Census Tract,BRFSS,Unhealthy Behaviors,4865000-48029191006,Obesity among adults aged >=18 Years,%,CrdPrv,Crude prevalence,36.4,,,35.5,37.2,"6,674","(29.4864516113, -98.5168593911)",UNHBEH,OBESITY,4865000,48029191006,Obesity
2014,TX,Texas,San Antonio,Census Tract,BRFSS,Unhealthy Behaviors,4865000-48029191201,Obesity among adults aged >=18 Years,%,CrdPrv,Crude prevalence,28.3,,,27.3,29.3,"3,143","(29.5409820649, -98.5005924009)",UNHBEH,OBESITY,4865000,48029191201,Obesity
2014,TX,Texas,San Antonio,Census Tract,BRFSS,Unhealthy Behaviors,4865000-48029191202,Obesity among adults aged >=18 Years,%,CrdPrv,Crude prevalence,28.9,,,28.0,29.8,"5,345","(29.5326522552, -98.5075928327)",UNHBEH,OBESITY,4865000,48029191202,Obesity
2014,TX,Texas,San Antonio,Census Tract,BRFSS,Unhealthy Behaviors,4865000-48029191303,Obesity among adults aged >=18 Years,%,CrdPrv,Crude prevalence,27.6,,,26.5,28.8,"1,561","(29.5534957776, -98.4787865678)",UNHBEH,OBESITY,4865000,48029191303,Obesity
2014,TX,Texas,San Antonio,Census Tract,BRFSS,Unhealthy Behaviors,4865000-48029191304,Obesity among adults aged >=18 Years,%,CrdPrv,Crude prevalence,35.3,,,33.9,36.6,"3,054","(29.5288447661, -98.4901636239)",UNHBEH,OBESITY,4865000,48029191304,Obesity
2014,TX,Texas,San Antonio,Census Tract,BRFSS,Unhealthy Behaviors,4865000-48029191405,Obesity among adults aged >=18 Years,%,CrdPrv,Crude prevalence,27.1,,,26.2,28.2,"6,996","(29.5639601347, -98.5308969536)",UNHBEH,OBESITY,4865000,48029191405,Obesity
2014,TX,Texas,San Antonio,Census Tract,BRFSS,Unhealthy Behaviors,4865000-48029191406,Obesity among adults aged >=18 Years,%,CrdPrv,Crude prevalence,25.0,,,23.7,26.4,"6,468","(29.5981136922, -98.5200082828)",UNHBEH,OBESITY,4865000,48029191406,Obesity
2014,TX,Texas,San Antonio,Census Tract,BRFSS,Unhealthy Behaviors,4865000-48029191408,Obesity among adults aged >=18 Years,%,CrdPrv,Crude prevalence,30.6,,,29.9,31.4,"2,989","(29.5497218801, -98.5149786585)",UNHBEH,OBESITY,4865000,48029191408,Obesity
2014,TX,Texas,San Antonio,Census Tract,BRFSS,Unhealthy Behaviors,4865000-48029191409,Obesity among adults aged >=18 Years,%,CrdPrv,Crude prevalence,32.6,,,31.3,33.7,"5,906","(29.5431097999, -98.5208730966)",UNHBEH,OBESITY,4865000,48029191409,Obesity
2014,TX,Texas,San Antonio,Census Tract,BRFSS,Unhealthy Behaviors,4865000-48029191410,Obesity among adults aged >=18 Years,%,CrdPrv,Crude prevalence,30.3,,,29.1,31.4,"5,491","(29.5551413588, -98.5082308044)",UNHBEH,OBESITY,4865000,48029191410,Obesity
2014,TX,Texas,San Antonio,Census Tract,BRFSS,Unhealthy Behaviors,4865000-48029191411,Obesity among adults aged >=18 Years,%,CrdPrv,Crude prevalence,24.4,,,23.2,25.5,"4,434","(29.5675268126, -98.5122170985)",UNHBEH,OBESITY,4865000,48029191411,Obesity
2014,TX,Texas,San Antonio,Census Tract,BRFSS,Unhealthy Behaviors,4865000-48029191412,Obesity among adults aged >=18 Years,%,CrdPrv,Crude prevalence,24.5,,,23.2,25.8,"2,313","(29.5918429429, -98.5368017613)",UNHBEH,OBESITY,4865000,48029191412,Obesity
2014,TX,Texas,San Antonio,Census Tract,BRFSS,Unhealthy Behaviors,4865000-48029191413,Obesity among adults aged >=18 Years,%,CrdPrv,Crude prevalence,25.7,,,24.6,26.7,"6,032","(29.5785912194, -98.5250538621)",UNHBEH,OBESITY,4865000,48029191413,Obesity
2014,TX,Texas,San Antonio,Census Tract,BRFSS,Unhealthy Behaviors,4865000-48029191503,Obesity among adults aged >=18 Years,%,CrdPrv,Crude prevalence,24.4,,,23.6,25.3,"5,216","(29.5747045496, -98.5732862696)",UNHBEH,OBESITY,4865000,48029191503,Obesity
2014,TX,Texas,San Antonio,Census Tract,BRFSS,Unhealthy Behaviors,4865000-48029191505,Obesity among adults aged >=18 Years,%,CrdPrv,Crude prevalence,25.0,,,23.7,26.4,"2,079","(29.5542772528, -98.5539080538)",UNHBEH,OBESITY,4865000,48029191505,Obesity
2014,TX,Texas,San Antonio,Census Tract,BRFSS,Unhealthy Behaviors,4865000-48029191506,Obesity among adults aged >=18 Years,%,CrdPrv,Crude prevalence,26.6,,,25.8,27.6,"4,842","(29.5602052671, -98.5432132046)",UNHBEH,OBESITY,4865000,48029191506,Obesity
2014,TX,Texas,San Antonio,Census Tract,BRFSS,Unhealthy Behaviors,4865000-48029191701,Obesity among adults aged >=18 Years,%,CrdPrv,Crude prevalence,24.5,,,23.3,25.7,293,"(29.5821974926, -98.5001510437)",UNHBEH,OBESITY,4865000,48029191701,Obesity
2014,TX,Texas,San Antonio,Census Tract,BRFSS,Unhealthy Behaviors,4865000-48029191702,Obesity among adults aged >=18 Years,%,CrdPrv,Crude prevalence,23.9,,,22.8,25.0,"4,219","(29.5967957127, -98.5003931442)",UNHBEH,OBESITY,4865000,48029191702,Obesity
2014,TX,Texas,San Antonio,Census Tract,BRFSS,Unhealthy Behaviors,4865000-48029191806,Obesity among adults aged >=18 Years,%,CrdPrv,Crude prevalence,22.7,,,21.6,23.9,"8,005","(29.6162000232, -98.5358141682)",UNHBEH,OBESITY,4865000,48029191806,Obesity
2014,TX,Texas,San Antonio,Census Tract,BRFSS,Unhealthy Behaviors,4865000-48029191807,Obesity among adults aged >=18 Years,%,CrdPrv,Crude prevalence,25.8,,,24.5,27.0,"3,401","(29.6260770585, -98.5928154394)",UNHBEH,OBESITY,4865000,48029191807,Obesity
2014,TX,Texas,San Antonio,Census Tract,BRFSS,Unhealthy Behaviors,4865000-48029191808,Obesity among adults aged >=18 Years,%,CrdPrv,Crude prevalence,24.1,,,23.0,25.2,895,"(29.6514068344, -98.468920134)",UNHBEH,OBESITY,4865000,48029191808,Obesity
2014,TX,Texas,San Antonio,Census Tract,BRFSS,Unhealthy Behaviors,4865000-48029191809,Obesity among adults aged >=18 Years,%,CrdPrv,Crude prevalence,26.9,,,25.6,28.2,997,"(29.6688381786, -98.4969192943)",UNHBEH,OBESITY,4865000,48029191809,Obesity
2014,TX,Texas,San Antonio,Census Tract,BRFSS,Unhealthy Behaviors,4865000-48029191811,Obesity among adults aged >=18 Years,%,CrdPrv,Crude prevalence,24.6,,,23.3,26.0,"3,658","(29.6495737911, -98.5109932313)",UNHBEH,OBESITY,4865000,48029191811,Obesity
2014,TX,Texas,San Antonio,Census Tract,BRFSS,Unhealthy Behaviors,4865000-48029191812,Obesity among adults aged >=18 Years,%,CrdPrv,Crude prevalence,25.6,,,24.5,26.7,"3,374","(29.653507038, -98.4885467415)",UNHBEH,OBESITY,4865000,48029191812,Obesity
2014,TX,Texas,San Antonio,Census Tract,BRFSS,Unhealthy Behaviors,4865000-48029191813,Obesity among adults aged >=18 Years,%,CrdPrv,Crude prevalence,25.0,,,24.1,25.9,"6,742","(29.645145668, -98.4994393901)",UNHBEH,OBESITY,4865000,48029191813,Obesity
2014,TX,Texas,San Antonio,Census Tract,BRFSS,Unhealthy Behaviors,4865000-48029191815,Obesity among adults aged >=18 Years,%,CrdPrv,Crude prevalence,24.4,,,23.3,25.5,"5,292","(29.6295575329, -98.5085687514)",UNHBEH,OBESITY,4865000,48029191815,Obesity
2014,TX,Texas,San Antonio,Census Tract,BRFSS,Unhealthy Behaviors,4865000-48029191816,Obesity among adults aged >=18 Years,%,CrdPrv,Crude prevalence,26.0,,,24.9,27.2,"2,761","(29.6172552342, -98.5019083415)",UNHBEH,OBESITY,4865000,48029191816,Obesity
2014,TX,Texas,San Antonio,Census Tract,BRFSS,Unhealthy Behaviors,4865000-48029191817,Obesity among adults aged >=18 Years,%,CrdPrv,Crude prevalence,24.2,,,23.2,25.2,"9,732","(29.6295033321, -98.4762436675)",UNHBEH,OBESITY,4865000,48029191817,Obesity
2014,TX,Texas,San Antonio,Census Tract,BRFSS,Unhealthy Behaviors,4865000-48029191900,Obesity among adults aged >=18 Years,%,CrdPrv,Crude prevalence,40.9,,,39.5,42.1,"4,922","(29.4280861196, -98.4704183013)",UNHBEH,OBESITY,4865000,48029191900,Obesity
2014,TX,Texas,San Antonio,Census Tract,BRFSS,Unhealthy Behaviors,4865000-48029192000,Obesity among adults aged >=18 Years,%,CrdPrv,Crude prevalence,31.4,,,30.4,32.3,"5,244","(29.459723664, -98.4693816785)",UNHBEH,OBESITY,4865000,48029192000,Obesity
2014,TX,Texas,San Antonio,Census Tract,BRFSS,Unhealthy Behaviors,4865000-48029192100,Obesity among adults aged >=18 Years,%,CrdPrv,Crude prevalence,28.7,,,27.8,29.7,"2,077","(29.4083735931, -98.4938181865)",UNHBEH,OBESITY,4865000,48029192100,Obesity
2014,TX,Texas,San Antonio,Census Tract,BRFSS,Unhealthy Behaviors,4865000-48029192200,Obesity among adults aged >=18 Years,%,CrdPrv,Crude prevalence,31.5,,,30.6,32.3,"1,264","(29.3389880844, -98.4573171748)",UNHBEH,OBESITY,4865000,48029192200,Obesity
2014,TX,Texas,San Antonio,Census Tract,BRFSS,Unhealthy Behaviors,4865000-48029192300,Obesity among adults aged >=18 Years,%,CrdPrv,Crude prevalence,24.4,,,23.2,25.6,"4,448","(29.5619440492, -98.4961426057)",UNHBEH,OBESITY,4865000,48029192300,Obesity
2014,TX,Texas,San Antonio,Census Tract,BRFSS,Unhealthy Behaviors,4865000-48029980002,Obesity among adults aged >=18 Years,%,CrdPrv,Crude prevalence,,*,Estimates suppressed for population less than 50,,,4,"(29.3763796517, -98.5460416687)",UNHBEH,OBESITY,4865000,48029980002,Obesity
2014,TX,Texas,San Antonio,Census Tract,BRFSS,Unhealthy Behaviors,4865000-48029980003,Obesity among adults aged >=18 Years,%,CrdPrv,Crude prevalence,,*,Estimates suppressed for population less than 50,,,6,"(29.3775523538, -98.6589291734)",UNHBEH,OBESITY,4865000,48029980003,Obesity
2014,TX,Texas,San Antonio,Census Tract,BRFSS,Unhealthy Behaviors,4865000-48029980005,Obesity among adults aged >=18 Years,%,CrdPrv,Crude prevalence,,*,Estimates suppressed for population less than 50,,,23,"(29.5699125368, -98.7566646249)",UNHBEH,OBESITY,4865000,48029980005,Obesity
2014,TX,Texas,San Antonio,Census Tract,BRFSS,Unhealthy Behaviors,4865000-48029980100,Obesity among adults aged >=18 Years,%,CrdPrv,Crude prevalence,22.0,,,20.5,23.3,66,"(29.3834098988, -98.5725946621)",UNHBEH,OBESITY,4865000,48029980100,Obesity
2014,TX,Texas,San Antonio,Census Tract,BRFSS,Unhealthy Behaviors,4865000-48325000102,Obesity among adults aged >=18 Years,%,CrdPrv,Crude prevalence,,*,Estimates suppressed for population less than 50,,,26,"(29.5666309646, -98.8092993959)",UNHBEH,OBESITY,4865000,48325000102,Obesity
